,Metro Parkway,Mountain View/ 25th Ave,25th Ave/ Dunlap,19th Ave/Dunlap,Northern/19th Ave,Glendale/19th Ave,19th Ave/Montebello,19th Ave/Camelback,7th Ave/Camelback,Central Ave/Camelback,Campbell/Central Ave,Indian School/Central Ave,Osborn/Central Ave,Thomas/Central Ave,Encanto/Central Ave,McDowell/Central Ave,Roosevelt/Central Ave,WB Van Buren/Central Ave,EB Van Buren/1st Ave,EB Jefferson/1st Ave,WB Washington/Central Ave,EB 3rd St/Jefferson,WB 3rd St/Washington,WB 12th St/Washington,EB 12th St/Jefferson,EB 24th St/Jefferson,WB 24th St/Washington,38th St/Washington,44th St/Washington,50th St/Washington,Priest Dr/Washington St,Center Pkwy/Washington St,Mill Ave/Third St,Veterans Way/College Ave,University Dr/Rural,Dorsey/Apache Blvd,McClintock/Apache Blvd,Smith-Martin/Apache Blvd,Price-101 Fwy/Apache Blvd,Sycamore/Main St,Alma School/Main St,Country Club/Main St,Center/Main St,Mesa Dr/Main St,Stapley/Main St,Gilbert Rd/Main St
Metro Parkway,0.0,0.0,0.0,0.0,0.0,0.0,0.0,0.0,0.0,0.0,0.0,0.0,0.0,0.0,0.0,0.0,0.0,0.0,0.0,0.0,0.0,0.0,0.0,0.0,0.0,0.0,0.0,0.0,0.0,0.0,0.0,0.0,0.0,0.0,0.0,0.0,0.0,0.0,0.0,0.0,0.0,0.0,0.0,0.0,0.0,0.0
Mountain View/ 25th Ave,0.0,0.0,0.0,0.0,0.0,0.0,0.0,0.0,0.0,0.0,0.0,0.0,0.0,0.0,0.0,0.0,0.0,0.0,0.0,0.0,0.0,0.0,0.0,0.0,0.0,0.0,0.0,0.0,0.0,0.0,0.0,0.0,0.0,0.0,0.0,0.0,0.0,0.0,0.0,0.0,0.0,0.0,0.0,0.0,0.0,0.0
25th Ave/ Dunlap,0.0,0.0,0.0,0.0,0.0,0.0,0.0,0.0,0.0,0.0,0.0,0.0,0.0,0.0,0.0,0.0,0.0,0.0,0.0,0.0,0.0,0.0,0.0,0.0,0.0,0.0,0.0,0.0,0.0,0.0,0.0,0.0,0.0,0.0,0.0,0.0,0.0,0.0,0.0,0.0,0.0,0.0,0.0,0.0,0.0,0.0
19th Ave/Dunlap,0.0,0.0,0.0,0.0,5494.786332838007,5746.153876476803,6060.695754899135,4849.781001594197,2537.2453648586243,2044.7709120705983,1755.5162069423939,2783.264797517354,1282.8058728836324,2403.8067844597495,688.7019188823448,2062.9147988064747,1409.1927788608616,1098.9333862671629,1542.1945790645345,673.1512572946,1129.3760868659706,1227.8173384534591,839.8200324354955,343.1869402590368,369.10213481031275,436.32088636375124,586.975407310135,704.1019662359128,1497.8703368592953,313.0717499480506,569.8642431957464,168.56844382565455,555.479257993953,690.6320081800893,341.24945092022745,742.098046921699,518.618823861585,156.92465069426893,247.35056816650254,321.970084161019,259.50347010701074,204.06228964454186,97.70446763827844,142.34099920154637,89.63031576918229,280.9443764608075
Northern/19th Ave,0.0,0.0,0.0,4135.5995242112685,0.0,2104.778900862454,2219.888353006719,1776.5186247767022,925.817584143481,741.8278588922173,637.8437877458236,1012.8809588422317,467.6851103722928,877.1000098419097,251.51484917201623,753.9500217215793,515.223476325091,401.9460096798683,564.1875144952152,246.30864190604495,413.12959325156623,448.7991164933649,307.02321506731255,125.02096189623857,134.41437989263494,157.23958244972295,211.4750759245313,250.06121923654354,528.782819842725,109.90000290774482,198.79935669182842,58.69055998359397,193.96723693117377,240.87024174104522,118.92150525199112,258.3419243565547,179.9982813624284,54.323237994587004,85.26421510004046,110.33815101241878,88.55765867693123,69.31096537662698,33.11164704062012,48.13653572334454,30.17344381369352,94.27784598582753
Glendale/19th Ave,0.0,0.0,0.0,3997.3498325824207,1945.4215399197283,0.0,3129.578127887037,2504.4085455496247,1288.2524739680478,1019.9654359272828,881.1293650443316,1404.6790082957002,651.360853253731,1223.8620063583935,351.64175774294955,1055.8548884311513,722.126512468097,563.8472757387664,791.7531888034332,345.8034927800275,579.6892592198432,628.8666523338723,430.31554079080104,174.1884685588016,187.1777422585705,215.68503827102455,289.95830077793215,336.6300486677153,706.7364567973256,145.94212140385557,262.2567193799239,77.28412047247826,256.43926493298585,318.0529385877605,156.94338883801913,340.66186993129475,236.57565245108944,71.19904287218726,111.24855879777172,143.0771417790539,114.33911331111132,89.0593002732316,42.44962566841864,61.58006555215366,38.42527494358745,119.68398837847045
19th Ave/Montebello,0.0,0.0,0.0,3945.4898978915494,1920.0914684180175,2928.6626235251074,0.0,3821.2704749623663,1885.2404001960663,1456.3144212477014,1282.1239890543698,2068.164635048658,970.355564511843,1831.9100340989016,528.7740203827282,1593.4866378435825,1091.6323940247535,853.8095015878151,1199.6717908920023,524.3716915142982,878.2485074386137,950.7920691234643,650.8041632227241,261.061053636885,280.3272029253561,316.08417100500935,424.63396625267546,481.14917219636874,1001.0748431666309,205.14871962496198,366.0405887639062,107.70380155957868,359.52776427849125,445.3262572252249,219.7341106541383,476.7612092123966,329.8256683581626,98.94231219655471,153.79783532873319,196.4078182598522,156.2066430650039,121.01895717717723,57.538987177399605,83.27382111298031,51.70440722863524,160.49640460931695
19th Ave/Camelback,0.0,0.0,0.0,3009.3937153214247,1464.6672788475796,2233.9176162656345,3642.38801176568,0.0,1748.9753091443074,1336.8257947828363,1215.2644205344502,1995.6550473617738,952.2908018241932,1809.0637156698162,525.0648781974153,1588.5266775763048,1090.007752142341,853.8856343047358,1200.3457774519484,525.0149841418645,878.7315932918474,949.9360031363038,650.3298755248723,259.1057305640305,278.09553785366296,308.6839577538296,414.4488829672872,462.0030392360184,955.7084847347838,194.94870486753715,346.52257865234094,101.91087760839187,341.7553002403635,423.0178411352982,208.80217993307897,453.0973181727667,312.72311256286554,93.62716341428793,145.0808322600713,184.4879861791212,146.31409016932142,112.99597024224306,53.645799020941205,77.53285858895912,48.00076990425307,148.70609665320706
7th Ave/Camelback,0.0,0.0,0.0,1439.7836764306508,698.0275043234462,1050.850310529699,1643.3234893088352,1599.4165084775825,0.0,773.6251662888659,688.1818664495634,1103.2851231972897,511.3063675704383,958.9386164286354,274.746096870079,822.3913972849292,561.4308512811144,437.44286981312626,613.4637156965911,267.6010517186967,449.42637069464627,489.4919209902476,334.7165427946951,136.66569890820637,146.9057902706363,168.72065956762913,226.73999189853777,258.32743214569234,537.4851213655044,110.08566742892333,196.2614393059698,57.73886968622793,192.9146054409443,238.92078619787586,117.8937648103987,255.79592820044877,176.8770914106535,53.03499769078786,82.3649329208726,105.02989317246951,83.43798169354123,64.55186511068021,30.670145348734085,44.35759932938989,27.499999304902683,85.2702926418396
Central Ave/Camelback,0.0,0.0,0.0,1147.6555635046377,553.200265070197,822.9196957872198,1255.577733899329,1209.162982168534,765.1784305812662,0.0,595.2545975165792,940.9274163638146,431.76433988934707,807.1913896754717,230.59310794666783,688.7373274054604,469.6713105321668,365.5827865717536,512.0029977337106,223.2151107130418,375.51298497288957,410.9533921182147,280.7036804557796,116.27136995565263,125.12150911436244,146.73285786936464,197.2834278553423,227.79713996350827,475.5964386726652,97.64509157055315,174.39800907002476,51.320852663722086,171.16292563542794,212.05223135859458,104.62725480461164,227.01588544949544,157.13118187743336,47.15123437542729,73.31210786749243,93.61822413605229,74.43515402170988,57.63662940854899,27.39471165531408,39.63355895444349,24.587279873454236,76.26981094071763
Campbell/Central Ave,0.0,0.0,0.0,958.2018154320832,462.57143333392776,691.3483254640987,1074.9882556405585,1068.971305414328,661.9429990604913,578.8792688238154,0.0,946.1657414145355,434.0223226724687,811.3499269407408,231.75863301300356,692.176080500943,471.9879528575416,367.3769799418975,514.3736456922082,224.24002231175086,377.36100192906457,413.3046163621086,282.26302391778944,116.95916147935287,125.84558932829403,146.51907928896512,196.94073429588101,224.7637873054805,467.1969032928858,95.57572205780556,170.1876887701872,50.05931498048744,167.48555538100936,207.38583216110845,102.3416788950521,222.05613087757732,153.44286659365847,45.98002577751115,71.33232109662568,90.81607850953706,72.06407197940159,55.67680643771504,26.436180600534197,38.21028242971723,23.65686552233499,73.2839722155237
Indian School/Central Ave,0.0,0.0,0.0,1541.035481971826,745.1245133821396,1117.996124447407,1758.9956545116565,1780.6833777983586,1076.492717481394,928.2123164035231,959.7832903406276,0.0,803.187054904519,1501.456749212675,428.88471416646905,1280.917721854647,873.4447331830912,679.8552956150801,951.8660477131278,414.96288254868165,698.3315324300958,764.7046143012415,522.2925884365524,215.87886144012396,232.20039552787887,267.4512808096526,359.3551959650756,405.08208617332616,838.5161143449797,170.992862746263,303.75011395582595,89.32705592952686,299.8046231934695,371.06799339478016,183.1702370081213,397.48737765948135,274.26678673246596,82.08554766823494,127.1026034017904,161.40600927016965,127.8683015814254,98.61033555571044,46.78263201828179,67.56614732238329,41.76414373960313,129.23588385831516
Osborn/Central Ave,0.0,0.0,0.0,678.0832617250683,328.46413871312626,494.93575897512244,787.9062265769725,811.2127954503719,476.28675909933713,406.63236937444276,420.32188702086506,766.797473349964,0.0,824.6897304547979,235.569324442959,703.5572003661263,479.74838756108926,373.4174635815055,522.8041438850024,227.91391758104356,383.5657835270024,419.84886841040606,286.8077173522206,117.91596584312462,126.74453135387954,142.99950663234162,191.98680147609176,211.95143993873512,435.8792782350934,88.4688805270281,156.67652677298355,46.080392621946096,155.5299664758732,192.39010578283953,95.04458545136575,206.35632181237824,142.06585704550508,42.439447226328504,65.52245995757993,82.88180193096218,65.49966227414384,50.37362127203248,23.868502171497475,34.43243196302897,21.232365436684013,65.59634035113133
Thomas/Central Ave,0.0,0.0,0.0,1310.0795382022857,635.1255083476472,958.8168416162874,1533.6413017421974,1588.894597159383,920.9883514716431,783.8044407413337,810.1289691441542,1477.9264505822248,850.2890943096334,0.0,524.0359327033287,1565.0990934676656,1067.222264287143,830.6848210627224,1162.9471105919342,506.97995265690855,853.2615168010207,933.681037433409,637.9087519120078,261.0735283801061,280.4725506446272,311.49459786336195,417.9256677566043,455.13427448886125,932.2750688536768,188.71978741072172,333.77136384761616,98.20373798277679,332.78636175584586,411.5428742647876,203.4591257825708,441.9777312090281,303.86105850200903,90.66912256036008,139.73737015406226,176.34116546963565,139.1572546944475,106.84577789996368,50.58941244414173,72.92986793813503,44.90765682567588,138.60906903805883
Encanto/Central Ave,0.0,0.0,0.0,357.74629397026047,173.58804559026794,262.5725892453549,421.9252409693073,439.5415524276893,251.5015142257682,213.41417664522572,220.5604427420793,402.37066115542916,231.49440677842787,499.4670128281276,0.0,516.8646004505399,352.4436580117677,274.3287215284132,384.0307147947283,167.41603699712851,281.7845353329031,308.1122319419923,210.57179769782758,85.39367223447749,91.65891609307116,99.22557162434565,132.9719066927638,142.1899013362715,289.81919252487114,58.492088315649916,103.35531455176572,30.439131469185707,103.77129343342958,128.2980568305803,63.511366796714725,138.10792614511863,94.78060175043564,28.239887638075,43.42401833496513,54.63207958354369,43.03423192082182,32.97333358476117,15.597790597224206,22.46653450259176,13.809531697897311,42.57341900820222
McDowell/Central Ave,0.0,0.0,0.0,1129.8148517377297,548.6316761525815,831.2570029476866,1340.5899564683552,1402.050378266012,793.7244690823288,672.0672011816295,694.5290716381866,1267.0364552497253,728.9593578436826,1572.7863122248557,544.9528476812093,0.0,1394.169359496467,1085.174402821925,1518.8166268334053,662.1387029321473,1114.6701342071733,1216.884631809253,832.1439505125569,331.2645316595606,355.1784057156299,370.982942433638,496.2090997492344,520.5711444393392,1056.0254603133837,212.62253562254924,375.890987815524,110.91197650891775,381.13817698750984,471.1877866974804,233.7357105504874,509.1282499166461,348.7242618782631,103.73511043162726,159.11962688027157,199.52531777155713,156.87096816653354,119.92971727465105,56.676336094703686,81.56064321843294,50.038980544836065,154.07464024231254
Roosevelt/Central Ave,0.0,0.0,0.0,761.2139196187453,369.7807410181791,560.7311674894715,905.8040837771042,948.8750275596453,534.4385887005391,452.0260219906924,467.10560627472813,852.1452567257406,490.26145677870636,1057.77447296549,366.5069056198435,1375.0733271093543,0.0,835.7988642022812,1169.5611615855814,509.91870388811043,858.5090212968332,935.0911021874867,639.8576391505064,249.76057597575698,267.7097860030476,273.4123096186423,365.18278839432645,379.7746089553446,768.8257122372382,154.69068617214737,273.80598415877097,80.91416066825491,279.50428107673076,345.5708720089241,171.6853581279741,374.4500125316341,256.20414522593506,76.14596051858906,116.64443206665463,145.99813763776194,114.67325148206342,87.56456415871558,41.35970027010001,59.49039532383051,36.462131426366106,112.19707802215105
WB Van Buren/Central Ave,0.0,0.0,0.0,599.4123324682485,291.29589231499716,442.10037861468044,715.3800705400878,750.5802481508798,420.4756694446464,355.28194457173174,367.1251186020645,669.7499338627032,385.324697748833,831.3664109507847,288.05919016434984,1080.7565078322136,843.955933225291,0.0,1100.5800922453427,484.15924099822445,816.0302714921165,881.5303148141379,603.4068803931295,225.4482499806623,242.07620694439777,241.2601797491682,321.50496376375014,331.99177774823136,670.9772363004168,135.01405578094665,239.67495420879794,71.01701393830714,247.2341287222235,305.7636433470673,152.29163131912,332.86831366576826,227.44961207286607,67.52506503123726,103.26584853249913,128.95519689673154,101.16677077411832,77.13659720793908,36.410924296854006,52.3411823141753,32.04101886562114,98.51430010463966
EB Van Buren/1st Ave,0.0,0.0,0.0,860.8115081471647,418.4125436586016,635.2779879129996,1028.6150788976322,1079.737983589145,603.4245779398104,509.18369471142626,526.0117617433997,959.5919957662791,552.0594252103741,1191.0520727460387,412.6586969345169,1547.9190570687051,1208.5246637376688,1126.253720837106,0.0,696.0551674811196,1168.8571896318533,1256.1235334581022,859.1375621495977,319.78759976680186,343.4299720438216,342.0935932697347,455.8528914114516,470.6924466781054,951.2878553172528,191.42020230222215,339.82803843463427,100.69946681859098,350.65100745386,433.66928750433607,216.01950442966714,472.2056509179413,322.6426776756213,95.78200738417387,146.47052875177113,182.89394364415185,143.47724073764698,109.39233223607097,51.635742132757905,74.2258687583889,45.436432980172896,139.69748772928932
EB Jefferson/1st Ave,0.0,0.0,0.0,370.8177160582774,180.27678137728395,273.83079231367435,443.71958565175987,466.0823211346069,259.77709246681997,219.08089003736364,226.31263187234626,412.856335600038,237.51802590861442,512.4370152310711,177.54196417958562,665.994740005031,520.010895716659,488.9694574790119,686.9459749022087,0.0,540.1240748778978,584.931370153016,395.14924538785846,145.33881260657702,156.52425686562637,155.17761247078488,206.51393264603482,213.06621462027564,430.50998178689184,86.67791847612429,154.21355938268974,45.77486774095767,160.10568411883344,198.06210722124217,98.81324774731044,216.2941232895203,147.69250071730352,43.821753501730804,66.95915162423724,83.51657728307488,65.48201781293194,49.89070031488798,23.54250433008207,33.83267220282194,20.6982929909048,63.614599896031116
WB Washington/Central Ave,0.0,0.0,0.0,627.5181649606353,304.99052829986636,463.00753826124867,749.5950014892792,786.8411661195964,440.0595883205973,371.74553883038783,384.14269982526196,700.7954203644199,403.1860413223717,869.9048776677976,301.41233302797656,1130.858043042183,883.0723060143255,831.2653491007015,1163.5372042193274,544.7954053741885,0.0,986.3794343573687,671.1020332490253,246.86084803756802,265.6119992072462,263.4933462115619,350.78663818197913,361.9187803461536,731.2887468503077,147.2080735337013,261.7384773125822,77.6520782362059,271.2309824905538,335.5024540189042,167.29561258294706,366.0266590828963,249.98584644045977,74.18571101165782,113.38336103777759,141.46966547438583,110.93873307888745,84.54212741408342,39.89744816255285,57.34092916236405,35.08623800344752,107.84657027521637
EB 3rd St/Jefferson,0.0,0.0,0.0,694.710898859705,337.39191892623774,511.48630494276773,826.375529047974,866.1793316392334,488.0688616463851,414.28195025741513,428.4384706298196,781.458554160761,449.4084694881739,969.3280536928196,335.6104228267971,1257.1693050517404,979.4628373574926,914.4359591848616,1273.3090046303093,600.7965780590343,1004.4461189263618,0.0,779.4394225616562,298.6336683337951,322.2702188784775,319.5642809275084,425.0437859879345,438.66838188190576,886.3778439214436,178.52155805649167,317.89991456134834,94.4140503738126,330.5698209973992,408.95815640318693,204.07601213301294,446.7690383782008,305.05192345261077,90.50710560229108,138.2814901948387,172.44913234816002,135.19961452702853,102.99640714726269,48.59953878853033,69.83829969754991,42.72123309274116,131.2905324249227
WB 3rd St/Washington,0.0,0.0,0.0,459.67839953236773,223.28081806527908,338.57897957877583,547.191996607953,573.6469522562504,322.8570441185876,273.7468092689491,283.0542698442387,516.3255522360929,296.9864364573816,640.6610488663028,221.88309810937247,831.6495160658399,648.3580597103974,605.513483594703,842.4840387839351,392.62794806094655,661.1023596446289,754.0148240189206,0.0,189.8241632731872,204.31137749074088,202.62512005015566,269.70992103722995,278.2628977016594,562.2465084617004,113.18987804750921,201.30282826020934,59.730340607528255,208.66517593274986,258.1110443850905,128.7026549190316,281.5761675762551,192.3131952254731,57.07169247728889,87.22818081363421,108.83640935634877,85.3479451755182,65.03979341740941,30.69365273008173,44.11287589633437,26.991699450142978,82.96484289380007
WB 12th St/Washington,0.0,0.0,0.0,186.1309390673396,90.09132710131885,135.80392145758174,217.49608783555473,226.46857750370614,130.6208678116563,112.35533458331204,116.21706828398068,211.4656457957258,120.98689852241209,259.8080165640949,89.15991699923507,328.04752569086423,250.769890787949,224.17148974160781,310.72810957125,143.09406133501247,240.96408562230317,286.2570783712723,188.09248454757804,0.0,98.59292619367737,98.18030227745224,130.69274117299537,134.83722692434083,272.44608617246666,54.848048384824466,97.52196199434432,28.924983521250553,100.8535466945075,124.733891770208,62.13467421568422,135.8053358112364,92.79918749393121,27.550131812831314,42.1302724797199,52.60254846157544,41.26243124949294,31.455465769667544,14.846609854621299,21.34023233176819,13.060833073523467,40.15123514612521
EB 12th St/Jefferson,0.0,0.0,0.0,201.9946334932676,97.7352751282734,147.2490742209287,235.6568484939738,245.26208340152314,141.67636660384093,121.99958134046507,126.17668906691819,229.50815298880886,131.22011672074152,281.63429052893116,96.56597753240973,354.90640725719334,271.21968617029313,242.87961955536554,336.7150875184749,155.49882494543002,261.60934348547835,311.7045186058839,204.27628892073662,99.48353642673213,0.0,110.22360575440955,146.640866158989,151.31738348789378,305.74600361231336,61.567171114110224,109.54501004455899,32.50641406371859,113.46386596675775,140.3374994503198,69.92998934465714,152.88267248393768,104.45494810440569,31.00706809996065,47.40872257898925,59.17882256463554,46.4154373972008,35.37820345690852,16.696970852601982,23.99839683092283,14.685783552109223,45.142762674929564
EB 24th St/Jefferson,0.0,0.0,0.0,250.29440549169007,119.84484393536697,177.8567096399896,278.52836808611295,285.36605912896607,170.56056519637804,149.97042008453883,153.98810498067596,277.0969273590918,155.18780633561505,327.86688301453415,109.57838584751921,388.57342302592986,290.35338335106144,253.732723110353,351.5775927710906,161.59443182157796,272.0364371668308,323.9910547338592,212.3589444671235,103.84406701652645,115.53843465318602,0.0,263.8699388494584,275.6120047741921,556.9071073633286,112.14891802114214,199.4042611054992,59.10116058488504,205.15187377424274,253.6598658652057,126.07367192868256,274.9633373420476,188.14318635946586,55.91282324097719,85.62136082199135,107.07862556883047,84.05394325985736,64.12743094954136,30.276689822854713,43.53079378059171,26.655512680994686,81.96752268819395
WB 24th St/Washington,0.0,0.0,0.0,338.5480848765638,162.0585608084685,240.40367129765852,376.2155421711394,385.2250739459251,230.45906983250146,202.73286271811338,208.10564566367637,374.3400315803296,209.4834627956283,442.2841679552489,147.64423750994263,522.563644428693,389.919041052731,339.9647054736758,471.0383609566677,216.22305501452684,364.12943200537387,433.2751451944066,284.20355797783856,138.98377604214548,154.54757620818606,265.30487625481646,0.0,368.66370113622224,744.905210008015,149.95381030984447,266.3829923826289,78.90533066092746,273.4782899689418,338.12707778571337,167.98231562584752,366.23882678889856,250.6624763258871,74.50778069254049,114.1308620661287,142.78924689204067,112.10799846850105,85.5510844133737,40.39554856138392,58.08465701713927,35.57396677441785,109.40524235729106
38th St/Washington,0.0,0.0,0.0,426.27477728041896,201.14662780477647,292.96251349357556,447.46118595255535,450.75653294294403,275.60673636265915,245.71713237874877,249.3034418478978,442.93398669687303,242.75510178515793,505.58655226459575,165.7215480539611,575.4507790175287,425.6412325272079,368.4911828878988,510.53135020907257,234.16439237858367,394.34604052946304,469.3751156556436,307.7807939444742,150.51371511097938,167.39775439820204,290.87545090902984,386.9759742734321,0.0,1507.4291974933783,303.401252815352,537.8439444688154,158.9068672368464,544.4734429626282,673.1615154573991,333.1646393072539,724.1356423914648,497.2633963338164,148.1667129807493,227.68947247349627,285.88141351483847,224.81657223364954,171.85057420592972,81.19764209614821,116.82013115769091,71.62238573734605,220.4052784275184
44th St/Washington,0.0,0.0,0.0,975.428238700042,457.52072648095634,661.58201876312,1001.4037171154581,1002.9739743457523,616.8119413742414,551.8140956618868,557.4025014641427,986.2213624619956,536.9888183371553,1113.9535128561474,363.3326242995784,1255.6526137225599,926.8569078229496,801.0775929262106,1109.8496875598883,508.92820001874725,857.0818144853063,1020.1631814757002,668.9289693054202,327.12509493261587,363.8217166751542,632.2061624602424,841.0497000833882,1621.4514440724045,0.0,848.8491636208237,1501.8648220293821,442.92286511177525,1505.4929526117116,1862.109353421491,920.0406140620951,1997.4217810311916,1374.8909773078487,410.3551316407338,631.9559208183357,795.268981366588,626.042225618021,479.0346663565735,226.42682774083428,325.87134786223675,199.913307351866,615.4124446474312
50th St/Washington,0.0,0.0,0.0,190.74853478043792,88.9666763694463,127.82125543588839,192.00285565382475,191.4171308849162,118.19887200800821,105.99877322137635,106.68731158043363,188.16428801218512,101.97313638644617,210.97775247908115,68.60734395517856,236.53784449536693,174.4798115755121,150.81412096227382,208.94703294035492,95.86895421368668,161.42145031494496,192.23729552190173,125.99608624609095,61.615601593383495,68.54460129112226,119.11522576071202,158.40700393644622,305.3378340542964,794.1942728632112,0.0,370.5331767334274,109.10471299473919,367.4818760897706,455.00418911045006,224.5504436313353,487.22120610830234,336.34718434626996,100.58170572744716,155.25906618021713,195.81148545988694,154.28570540741148,118.15158723227648,55.862984432500966,80.41599276525099,49.35214449784492,151.9554727463421
Priest Dr/Washington St,0.0,0.0,0.0,363.60345533051685,168.53259251740693,240.5405571177171,358.76278505395464,356.3126571827059,220.67686011244066,198.25822287545188,198.94479833594508,350.03778907390574,189.12042932251757,390.75771426170365,126.9537567497746,437.9177206650882,323.41727799689284,280.3657387977069,388.4605409572125,178.6205169629556,300.5636468670333,358.4896775535082,234.65975020989038,114.72847172631236,127.71912052146354,221.79200610160495,294.6881225140861,566.8377929959294,1471.5205625425306,388.03094743035655,0.0,307.0649131688691,1017.6244000663299,1265.1211266357236,624.585335255768,1356.2095670466842,940.7753202782458,282.10340669603056,436.63069767863163,551.5984406881731,434.7664107314171,332.9427291425067,157.40272997183283,226.55523339853133,138.98821940256855,427.817958062075
Center Pkwy/Washington St,0.0,0.0,0.0,103.67186783049755,47.95846028618489,68.32505792602349,101.7506578139691,101.00626343803722,62.577490899470945,56.23563468401209,56.404973805062866,99.22236047779947,53.614064422253605,110.81908437391495,36.039026540078005,124.5480987595888,92.12401703372443,80.07422552318307,110.95399000919453,51.105063282564586,85.95081813225998,102.6244693712607,67.11379084161409,32.79970593674638,36.53090524827736,63.36296848895303,84.13768030009035,161.4259059545034,418.3036384939579,110.13131553935115,295.97719225640043,0.0,358.96064638425224,449.1829552689163,222.3104432185843,483.3953797714866,336.12481418439296,100.877844338892,156.16209744567723,197.10489796356117,155.2336402090362,118.75819134049304,56.11893252003346,80.73999289526172,49.49018206360345,152.2512547268344
Mill Ave/Third St,0.0,0.0,0.0,356.5519437696281,165.42291658841748,236.6162565009364,354.4940442588404,353.5194709336403,218.21534800105727,195.74818995460882,196.96096947719676,347.56431130438807,188.86303111015212,391.9425144399456,128.22961584849955,446.6953443398111,332.1292415415023,290.94377993872786,403.23772928180716,186.5580093231816,313.33329421947036,375.01428740534567,244.70174744542308,119.35986570584001,133.08198320563184,229.55423533505905,304.3528422096589,577.2681336515359,1483.927162902209,387.1449126596876,1023.7310582124886,374.6425964173341,0.0,2036.2846295781965,1006.3406058324103,2183.719295102487,1503.9429436911275,448.17467997836064,687.3929525802118,859.089460205483,673.6616502250731,513.0680194950255,242.0334243739728,347.70244976579045,212.52972840606435,652.7553247837785
Veterans Way/College Ave,0.0,0.0,0.0,453.6123472002854,210.20045230600613,300.2912457836065,449.3016516234646,447.7545087423844,276.5395950609544,248.14989964240135,249.55432591836535,440.1832870095404,239.05554065227176,495.9696991856374,162.22373390648477,565.0751408645491,420.1834878695645,368.1880623220622,510.3027859031425,236.15206466243416,396.5940114024382,474.73001277425993,309.7254455178695,151.05490152254816,168.42968041728184,290.4322128731587,385.0504725327682,730.3034721315832,1878.1152652080757,490.4968586286405,1302.3079120226462,479.7078082043926,2083.6352041284845,0.0,1414.6474093031538,3069.515012030761,2116.9529404767177,631.0400283144395,967.7860517485217,1208.9896031804199,947.8181762408806,721.6551198176336,340.3918081330648,488.9514502066953,298.80514360749066,917.6261709229191
University Dr/Rural,0.0,0.0,0.0,217.67292114752374,100.78715229930975,143.90655090666837,215.30368941677165,214.63996602149143,132.52215918574328,118.90780625656902,119.60045595451801,211.0227313343076,114.69321862338913,238.12857405140423,77.99020338430877,272.2272061121333,202.73530780989972,178.09600464548456,246.86329273768584,114.41943649315137,192.05662006264973,230.0668535211821,149.9864697447021,73.07665403675674,81.50844951832397,140.18827974731892,185.77854293899887,351.02436805658476,901.1940991836968,235.08722621829136,624.4068131871937,230.57258211142258,1000.0517620114052,1373.8600270621366,0.0,1862.6704816975475,1280.8146964663847,380.6445350100368,581.5653819086895,723.6781505347041,566.6573295945938,430.8016535528623,203.09551233256377,291.60233541908434,178.05225812751303,546.5422415749925
Dorsey/Apache Blvd,0.0,0.0,0.0,524.4315667118265,242.56869921657687,346.0637873688516,517.547239322453,516.0147860666963,318.5564374049831,285.8359676156191,287.5002049443121,507.33259628001815,275.8819137862203,573.099220317966,187.88940444199994,656.9445948304032,489.87477119964825,431.26646195790784,597.8466831984425,277.4753723181167,465.53521679254374,558.0077803187595,363.5428128598058,176.95243954812892,197.4206274362168,338.7327493238809,448.7365709629507,845.2659635962015,2167.5853831084046,565.1144196492561,1502.096194560249,555.4505305080396,2404.1933202313435,3302.6240036348254,2063.6266337171237,0.0,3960.4307362899167,1172.4999375121693,1785.7790957417592,2215.513029495589,1734.656823514438,1317.6933535333767,621.0732769232808,891.5556044143016,544.1797598486866,1670.1040294967113
McClintock/Apache Blvd,0.0,0.0,0.0,359.94118911267884,165.98313469561023,236.02522034544032,351.63271155591406,349.7730703888778,216.331659363985,194.30265741327278,195.10923600339075,343.7940672457661,186.53095006435007,386.9547753037313,126.63649518069548,441.91571607013185,329.179749985133,289.4104212093175,401.17715319867324,186.07751679209062,312.25613346720223,374.18527103950544,243.8509702528728,118.75164357338909,132.47045085180645,227.6284946758472,301.62833821072485,570.0535885940167,1465.3130892698798,383.1366853859199,1023.3226641947697,379.3142868236208,1626.1465041687104,2236.9501700860424,1393.5967635751435,3889.5392386614785,0.0,942.3343119134486,1435.2252832795032,1780.555074827428,1394.1375811070654,1059.0233795868135,499.15376056244935,716.5393765313942,437.35494195400327,1342.256273477901
Smith-Martin/Apache Blvd,0.0,0.0,0.0,104.10554362108567,47.882924440924185,67.89877441674123,100.82919231055115,100.09852312479092,62.00268007390217,55.7325410333127,55.885578384489044,98.3538294815858,53.26357588533761,110.36820812371,36.0663173451144,125.65578028369556,93.51757633759692,82.12840537508615,113.84074472769275,52.77456034116891,88.57583089693468,106.11945522148187,69.17283427837665,33.69911929644288,37.588077568525016,64.66197539302162,85.70059906766464,162.3600786359494,418.0434762919751,109.51770950911305,293.3151007047797,108.81626954756496,463.20692238452347,637.3843988001652,395.88572346660044,1100.6974936939794,900.7503080773005,0.0,476.0932629189039,590.6399253908053,462.4636955258096,351.2996625725825,165.57947003193877,237.6906922820464,145.07953028194694,445.2536328547832
Price-101 Fwy/Apache Blvd,0.0,0.0,0.0,175.98512312335785,80.6013238945819,113.77910982877698,168.08726640496442,166.34747020063762,103.26915311516645,92.93340351343811,92.98165109902858,163.3275240948656,88.19239843297218,182.42212175208198,59.47702030734486,206.70967674863627,153.63520519512008,134.69933627621987,186.70003578894398,86.48189018538005,145.18597205225564,173.8828479845981,113.38405699112184,55.26745881574879,61.635088394253785,106.19401241809598,140.78801513215907,267.5789319508687,690.4444249098119,181.30203714764448,486.87863313084114,180.65668296674656,761.926638505708,1048.3450226042755,648.6779667581154,1797.890520299722,1471.2953057464688,510.59010518824283,0.0,1263.4690662286419,989.3432549589088,751.5305663264126,354.2220765476079,508.48879289184526,310.3668849576085,952.5259271307791
Sycamore/Main St,0.0,0.0,0.0,251.3145035483312,114.43004437043307,160.53782749739165,235.4953577632115,232.0669209625379,144.47083329855982,130.1953646796301,129.87113332321672,227.54307343509294,122.38808278461595,252.5559656492308,82.09295970657193,284.3636334918922,210.96627536145485,184.53832498240365,255.75990616370856,118.33873045813552,198.73650321402553,237.8990429541064,155.20595138790395,75.70437895875537,84.40634163816476,145.7000430477708,193.24002239608316,368.58178875470315,953.2240063518199,250.85505899617792,674.7897348079076,250.15823407453752,1044.6852451302234,1436.7672920823293,885.5539976600219,2447.0835848643146,2002.5075954270683,694.9317377755737,1386.12884462611,0.0,1956.612938527515,1486.4697156429913,700.6254038198197,1005.7583101405838,613.8926693301853,1884.0526209148873
Alma School/Main St,0.0,0.0,0.0,213.4830374542623,96.79627892543934,135.2135196579844,197.39731923663226,193.97665814417914,120.96207170095101,109.10166719647154,108.61426205387394,189.98748281771415,101.93825145112267,210.05254561157116,68.1538523930362,235.6333689768315,174.640923129216,152.58216928412995,211.4629699585797,97.78999950959576,164.25390051525636,196.57365223577526,128.27599926089852,62.58744196329036,69.77331812992325,120.54054662205257,159.90290254032215,305.48820490039765,790.8656743352459,208.31884755748027,560.5567589001032,207.64496264613027,863.3901045750888,1187.154031113651,730.8163755583469,2019.3250656078187,1652.5041810772816,573.4758889647342,1143.9423987691694,2062.163487962104,0.0,1686.787288943641,795.0432811540811,1141.292187924122,696.6119886875877,2137.9251325539035
Country Club/Main St,0.0,0.0,0.0,179.14370350249752,80.84498290228784,112.38883404831033,163.19759210596956,159.86186188811362,99.86488594432319,90.15098172552639,89.54904601157091,156.35188374174854,83.6603892924791,172.106808557233,55.72599079948849,192.2381661702129,142.30850990298572,124.14949671025417,172.05083408431673,79.50795437289489,133.57471341906634,159.8050568725267,104.31579672563991,50.91515820751798,56.752016036432586,98.13806599544797,130.2158518488562,249.19292140893054,645.7800618064185,170.23976983230284,458.09097322480034,169.51874253124276,701.7117947604733,964.5623924130309,592.9030854267376,1636.9130536594507,1339.5566041516427,464.87248304281303,927.3045653246248,1671.8327441283955,1800.0265420860542,0.0,915.2466190154549,1313.8436444552306,801.9327900552933,2461.1526318114047
Center/Main St,0.0,0.0,0.0,85.55678213419773,38.52415627414348,53.43415897932798,77.39693805374122,75.70400498978091,47.32831859043167,42.74052426050408,42.411788136894124,73.98889808833698,39.54058597980493,81.28334129533644,26.294157163696475,90.6182765834455,67.047268572934,58.45442821221839,81.00681374767586,37.42353987892435,62.87781249241876,75.21454224049268,49.104436047566786,23.970632829342417,26.71679966477115,46.21716173085116,61.33001541625827,117.44360079050514,304.4716055524397,80.28729446241707,216.02085742411137,79.90331085979888,330.1873289053144,453.81720220612794,278.8097148369627,769.5827526870147,629.7832351382937,218.556547602969,435.96597885660407,786.002392280278,846.2731991674231,912.9339534690797,0.0,738.8227695399164,450.9561435611667,1383.9967312964825
Mesa Dr/Main St,0.0,0.0,0.0,134.26669342330416,60.328905747558686,83.49943263584693,120.66139003142848,117.86020664447713,73.73463583077094,66.60923530687981,66.03381447252058,115.10901237248368,61.444624853928914,126.22506520793775,40.797215275146655,140.4730259478284,103.88403892117753,90.5164485307873,125.43671753339736,57.933100393097725,97.34536894714368,116.42911345713719,76.02138697925007,37.1150124963382,41.36444861701322,71.57967636416126,94.99467412749769,182.01278462091264,472.0232127268232,124.49828861406128,334.9313409088219,123.83469669687086,510.96490530445897,702.2081360952798,431.21795655026756,1190.033484681269,973.8567390865562,337.9619236394464,674.1501337087535,1215.4298037282629,1308.6241309941643,1411.7024716459882,795.8634049952028,0.0,830.3023198704949,2548.221022015251
Stapley/Main St,0.0,0.0,0.0,92.72926131407841,41.47621214244024,57.14575192159324,82.16956437757476,80.03006971427935,50.137165664575186,45.32162265850121,44.84013678553691,78.03821802850716,41.55642407754351,85.24799276571301,27.504070628136976,94.52448914184484,69.83411177392243,60.773449154809356,84.2165043800156,38.87304764082131,65.32974524211497,78.11515573005336,51.018094791153025,24.9140847185501,27.762957123891645,48.07328214462298,63.810730042299994,122.39299941411109,317.60144808178967,83.80126465840586,225.36334011561794,83.25230748645228,342.55207239496167,470.66486311542184,288.7865187363965,796.6668056986941,651.947524861577,226.24830217997967,451.3092210804561,813.6774672061193,876.0575048804179,945.0636349915469,532.7901195189411,910.6675080048153,0.0,2526.714955611717
Gilbert Rd/Main St,0.0,0.0,0.0,391.75196938572435,174.6677914936291,239.90096358865148,343.77769887158604,334.1663671191816,209.53367048828605,189.485772627781,187.21804257054475,325.4736622672446,173.04074290896529,354.63727775550484,114.28402399157306,392.2798669543057,289.62502174708095,251.846439247288,348.9880440307969,161.0274188664436,270.6508959488873,323.5593126264618,211.3572128401098,103.22905198291656,115.02326850463277,199.24503816002738,264.5017330641301,507.6434149958495,1317.7590730619381,347.7681948939308,934.9604957914383,345.19705325527656,1418.0328980691315,1948.132408460464,1194.7640170613508,3295.390098437393,2696.7644611834935,935.870226212205,1866.8292917016627,3365.749900414665,3623.790932449217,3909.2243912355716,2203.8695785979166,3766.9482642135713,3405.53401292317,0.0
