Month,Year,directed_route,date,Boardings counts,Average Weekday Boardings,select_route,select_direction,select_time_period,weekday_frequency,,,,
5,2024,A Line Northbound,2024-05,888,,A Line,Northbound,5amto9am,5,,,,
4,2024,A Line Northbound,2024-04,825,,A Line,Northbound,5amto9am,5,,,,
3,2024,A Line Northbound,2024-03,783,,A Line,Northbound,5amto9am,5,,,,
2,2024,A Line Northbound,2024-02,816,,A Line,Northbound,5amto9am,5,,,,
1,2024,A Line Northbound,2024-01,718,,A Line,Northbound,5amto9am,5,,,,
12,2023,A Line Northbound,2023-12,689,,A Line,Northbound,5amto9am,5,,,,
11,2023,A Line Northbound,2023-11,744,,A Line,Northbound,5amto9am,5,,,,
10,2023,A Line Northbound,2023-10,798,,A Line,Northbound,5amto9am,5,,,,
9,2023,A Line Northbound,2023-09,709,,A Line,Northbound,5amto9am,5,,,,
8,2023,A Line Northbound,2023-08,719,,A Line,Northbound,5amto9am,5,,,,
7,2023,A Line Northbound,2023-07,699,,A Line,Northbound,5amto9am,5,,,,
6,2023,A Line Northbound,2023-06,726,,A Line,Northbound,5amto9am,5,,,,
5,2023,A Line Northbound,2023-05,741,,A Line,Northbound,5amto9am,5,,,,
4,2023,A Line Northbound,2023-04,693,,A Line,Northbound,5amto9am,5,,,,
3,2023,A Line Northbound,2023-03,709,,A Line,Northbound,5amto9am,5,,,,
2,2023,A Line Northbound,2023-02,712,,A Line,Northbound,5amto9am,5,,,,
1,2023,A Line Northbound,2023-01,663,,A Line,Northbound,5amto9am,5,,,,
12,2022,A Line Northbound,2022-12,581,,A Line,Northbound,5amto9am,5,,,,
11,2022,A Line Northbound,2022-11,648,,A Line,Northbound,5amto9am,5,,,,
10,2022,A Line Northbound,2022-10,713,,A Line,Northbound,5amto9am,5,,,,
9,2022,A Line Northbound,2022-09,707,,A Line,Northbound,5amto9am,5,,,,
8,2022,A Line Northbound,2022-08,636,,A Line,Northbound,5amto9am,5,,,,
7,2022,A Line Northbound,2022-07,633,,A Line,Northbound,5amto9am,5,,,,
6,2022,A Line Northbound,2022-06,625,,A Line,Northbound,5amto9am,5,,,,
5,2022,A Line Northbound,2022-05,637,,A Line,Northbound,5amto9am,5,,,,
4,2022,A Line Northbound,2022-04,625,,A Line,Northbound,5amto9am,5,,,,
3,2022,A Line Northbound,2022-03,611,,A Line,Northbound,5amto9am,5,,,,
2,2022,A Line Northbound,2022-02,576,,A Line,Northbound,5amto9am,5,,,,
1,2022,A Line Northbound,2022-01,555,,A Line,Northbound,5amto9am,5,,,,
12,2021,A Line Northbound,2021-12,517,,A Line,Northbound,5amto9am,5,,,,
11,2021,A Line Northbound,2021-11,578,,A Line,Northbound,5amto9am,5,,,,
10,2021,A Line Northbound,2021-10,604,,A Line,Northbound,5amto9am,5,,,,
9,2021,A Line Northbound,2021-09,632,,A Line,Northbound,5amto9am,5,,,,
8,2021,A Line Northbound,2021-08,556,,A Line,Northbound,5amto9am,5,,,,
7,2021,A Line Northbound,2021-07,537,,A Line,Northbound,5amto9am,5,,,,
6,2021,A Line Northbound,2021-06,522,,A Line,Northbound,5amto9am,5,,,,
5,2021,A Line Northbound,2021-05,511,,A Line,Northbound,5amto9am,5,,,,
4,2021,A Line Northbound,2021-04,496,,A Line,Northbound,5amto9am,5,,,,
3,2021,A Line Northbound,2021-03,486,,A Line,Northbound,5amto9am,5,,,,
2,2021,A Line Northbound,2021-02,475,,A Line,Northbound,5amto9am,5,,,,
1,2021,A Line Northbound,2021-01,461,,A Line,Northbound,5amto9am,5,,,,
12,2020,A Line Northbound,2020-12,474,,A Line,Northbound,5amto9am,5,,,,
11,2020,A Line Northbound,2020-11,474,,A Line,Northbound,5amto9am,5,,,,
10,2020,A Line Northbound,2020-10,490,,A Line,Northbound,5amto9am,5,,,,
9,2020,A Line Northbound,2020-09,513,,A Line,Northbound,5amto9am,5,,,,
8,2020,A Line Northbound,2020-08,493,,A Line,Northbound,5amto9am,5,,,,
7,2020,A Line Northbound,2020-07,485,,A Line,Northbound,5amto9am,5,,,,
6,2020,A Line Northbound,2020-06,464,,A Line,Northbound,5amto9am,5,,,,
5,2020,A Line Northbound,2020-05,416,,A Line,Northbound,5amto9am,5,,,,
4,2020,A Line Northbound,2020-04,371,,A Line,Northbound,5amto9am,5,,,,
3,2020,A Line Northbound,2020-03,676,,A Line,Northbound,5amto9am,5,,,,
2,2020,A Line Northbound,2020-02,950,,A Line,Northbound,5amto9am,5,,,,
1,2020,A Line Northbound,2020-01,926,,A Line,Northbound,5amto9am,5,,,,
12,2019,A Line Northbound,2019-12,830,,A Line,Northbound,5amto9am,5,,,,
11,2019,A Line Northbound,2019-11,951,,A Line,Northbound,5amto9am,5,,,,
10,2019,A Line Northbound,2019-10,"1,007",,A Line,Northbound,5amto9am,5,,,,
9,2019,A Line Northbound,2019-09,"1,022",,A Line,Northbound,5amto9am,5,,,,
8,2019,A Line Northbound,2019-08,966,,A Line,Northbound,5amto9am,5,,,,
7,2019,A Line Northbound,2019-07,"1,000",,A Line,Northbound,5amto9am,5,,,,
6,2019,A Line Northbound,2019-06,983,,A Line,Northbound,5amto9am,5,,,,
5,2024,A Line Southbound,2024-05,686,,A Line,Southbound,5amto9am,5,,,,
4,2024,A Line Southbound,2024-04,650,,A Line,Southbound,5amto9am,5,,,,
3,2024,A Line Southbound,2024-03,606,,A Line,Southbound,5amto9am,5,,,,
2,2024,A Line Southbound,2024-02,609,,A Line,Southbound,5amto9am,5,,,,
1,2024,A Line Southbound,2024-01,523,,A Line,Southbound,5amto9am,5,,,,
12,2023,A Line Southbound,2023-12,524,,A Line,Southbound,5amto9am,5,,,,
11,2023,A Line Southbound,2023-11,573,,A Line,Southbound,5amto9am,5,,,,
10,2023,A Line Southbound,2023-10,613,,A Line,Southbound,5amto9am,5,,,,
9,2023,A Line Southbound,2023-09,536,,A Line,Southbound,5amto9am,5,,,,
8,2023,A Line Southbound,2023-08,531,,A Line,Southbound,5amto9am,5,,,,
7,2023,A Line Southbound,2023-07,513,,A Line,Southbound,5amto9am,5,,,,
6,2023,A Line Southbound,2023-06,559,,A Line,Southbound,5amto9am,5,,,,
5,2023,A Line Southbound,2023-05,598,,A Line,Southbound,5amto9am,5,,,,
4,2023,A Line Southbound,2023-04,494,,A Line,Southbound,5amto9am,5,,,,
3,2023,A Line Southbound,2023-03,523,,A Line,Southbound,5amto9am,5,,,,
2,2023,A Line Southbound,2023-02,528,,A Line,Southbound,5amto9am,5,,,,
1,2023,A Line Southbound,2023-01,487,,A Line,Southbound,5amto9am,5,,,,
12,2022,A Line Southbound,2022-12,417,,A Line,Southbound,5amto9am,5,,,,
11,2022,A Line Southbound,2022-11,474,,A Line,Southbound,5amto9am,5,,,,
10,2022,A Line Southbound,2022-10,526,,A Line,Southbound,5amto9am,5,,,,
9,2022,A Line Southbound,2022-09,518,,A Line,Southbound,5amto9am,5,,,,
8,2022,A Line Southbound,2022-08,450,,A Line,Southbound,5amto9am,5,,,,
7,2022,A Line Southbound,2022-07,463,,A Line,Southbound,5amto9am,5,,,,
6,2022,A Line Southbound,2022-06,484,,A Line,Southbound,5amto9am,5,,,,
5,2022,A Line Southbound,2022-05,504,,A Line,Southbound,5amto9am,5,,,,
4,2022,A Line Southbound,2022-04,479,,A Line,Southbound,5amto9am,5,,,,
3,2022,A Line Southbound,2022-03,493,,A Line,Southbound,5amto9am,5,,,,
2,2022,A Line Southbound,2022-02,460,,A Line,Southbound,5amto9am,5,,,,
1,2022,A Line Southbound,2022-01,420,,A Line,Southbound,5amto9am,5,,,,
12,2021,A Line Southbound,2021-12,413,,A Line,Southbound,5amto9am,5,,,,
11,2021,A Line Southbound,2021-11,460,,A Line,Southbound,5amto9am,5,,,,
10,2021,A Line Southbound,2021-10,486,,A Line,Southbound,5amto9am,5,,,,
9,2021,A Line Southbound,2021-09,506,,A Line,Southbound,5amto9am,5,,,,
8,2021,A Line Southbound,2021-08,413,,A Line,Southbound,5amto9am,5,,,,
7,2021,A Line Southbound,2021-07,408,,A Line,Southbound,5amto9am,5,,,,
6,2021,A Line Southbound,2021-06,409,,A Line,Southbound,5amto9am,5,,,,
5,2021,A Line Southbound,2021-05,405,,A Line,Southbound,5amto9am,5,,,,
4,2021,A Line Southbound,2021-04,392,,A Line,Southbound,5amto9am,5,,,,
3,2021,A Line Southbound,2021-03,388,,A Line,Southbound,5amto9am,5,,,,
2,2021,A Line Southbound,2021-02,358,,A Line,Southbound,5amto9am,5,,,,
1,2021,A Line Southbound,2021-01,367,,A Line,Southbound,5amto9am,5,,,,
12,2020,A Line Southbound,2020-12,368,,A Line,Southbound,5amto9am,5,,,,
11,2020,A Line Southbound,2020-11,376,,A Line,Southbound,5amto9am,5,,,,
10,2020,A Line Southbound,2020-10,395,,A Line,Southbound,5amto9am,5,,,,
9,2020,A Line Southbound,2020-09,402,,A Line,Southbound,5amto9am,5,,,,
8,2020,A Line Southbound,2020-08,378,,A Line,Southbound,5amto9am,5,,,,
7,2020,A Line Southbound,2020-07,367,,A Line,Southbound,5amto9am,5,,,,
6,2020,A Line Southbound,2020-06,375,,A Line,Southbound,5amto9am,5,,,,
5,2020,A Line Southbound,2020-05,341,,A Line,Southbound,5amto9am,5,,,,
4,2020,A Line Southbound,2020-04,323,,A Line,Southbound,5amto9am,5,,,,
3,2020,A Line Southbound,2020-03,492,,A Line,Southbound,5amto9am,5,,,,
2,2020,A Line Southbound,2020-02,624,,A Line,Southbound,5amto9am,5,,,,
1,2020,A Line Southbound,2020-01,613,,A Line,Southbound,5amto9am,5,,,,
12,2019,A Line Southbound,2019-12,556,,A Line,Southbound,5amto9am,5,,,,
11,2019,A Line Southbound,2019-11,615,,A Line,Southbound,5amto9am,5,,,,
10,2019,A Line Southbound,2019-10,643,,A Line,Southbound,5amto9am,5,,,,
9,2019,A Line Southbound,2019-09,606,,A Line,Southbound,5amto9am,5,,,,
8,2019,A Line Southbound,2019-08,524,,A Line,Southbound,5amto9am,5,,,,
7,2019,A Line Southbound,2019-07,533,,A Line,Southbound,5amto9am,5,,,,
6,2019,A Line Southbound,2019-06,616,,A Line,Southbound,5amto9am,5,,,,
5,2024,B Line Eastbound,2024-05,343,,B Line,Eastbound,5amto9am,6,,,,
4,2024,B Line Eastbound,2024-04,378,,B Line,Eastbound,5amto9am,6,,,,
3,2024,B Line Eastbound,2024-03,343,,B Line,Eastbound,5amto9am,6,,,,
2,2024,B Line Eastbound,2024-02,326,,B Line,Eastbound,5amto9am,6,,,,
1,2024,B Line Eastbound,2024-01,316,,B Line,Eastbound,5amto9am,6,,,,
12,2023,B Line Eastbound,2023-12,281,,B Line,Eastbound,5amto9am,6,,,,
11,2023,B Line Eastbound,2023-11,333,,B Line,Eastbound,5amto9am,6,,,,
10,2023,B Line Eastbound,2023-10,345,,B Line,Eastbound,5amto9am,6,,,,
9,2023,B Line Eastbound,2023-09,353,,B Line,Eastbound,5amto9am,6,,,,
8,2023,B Line Eastbound,2023-08,342,,B Line,Eastbound,5amto9am,6,,,,
7,2023,B Line Eastbound,2023-07,352,,B Line,Eastbound,5amto9am,6,,,,
6,2023,B Line Eastbound,2023-06,388,,B Line,Eastbound,5amto9am,6,,,,
5,2023,B Line Eastbound,2023-05,338,,B Line,Eastbound,5amto9am,6,,,,
4,2023,B Line Eastbound,2023-04,295,,B Line,Eastbound,5amto9am,6,,,,
3,2023,B Line Eastbound,2023-03,294,,B Line,Eastbound,5amto9am,6,,,,
2,2023,B Line Eastbound,2023-02,270,,B Line,Eastbound,5amto9am,6,,,,
1,2023,B Line Eastbound,2023-01,275,,B Line,Eastbound,5amto9am,6,,,,
12,2022,B Line Eastbound,2022-12,231,,B Line,Eastbound,5amto9am,6,,,,
11,2022,B Line Eastbound,2022-11,285,,B Line,Eastbound,5amto9am,6,,,,
10,2022,B Line Eastbound,2022-10,302,,B Line,Eastbound,5amto9am,6,,,,
9,2022,B Line Eastbound,2022-09,329,,B Line,Eastbound,5amto9am,6,,,,
8,2022,B Line Eastbound,2022-08,319,,B Line,Eastbound,5amto9am,6,,,,
7,2022,B Line Eastbound,2022-07,311,,B Line,Eastbound,5amto9am,6,,,,
6,2022,B Line Eastbound,2022-06,323,,B Line,Eastbound,5amto9am,6,,,,
5,2022,B Line Eastbound,2022-05,276,,B Line,Eastbound,5amto9am,6,,,,
4,2022,B Line Eastbound,2022-04,268,,B Line,Eastbound,5amto9am,6,,,,
3,2022,B Line Eastbound,2022-03,260,,B Line,Eastbound,5amto9am,6,,,,
2,2022,B Line Eastbound,2022-02,212,,B Line,Eastbound,5amto9am,6,,,,
1,2022,B Line Eastbound,2022-01,211,,B Line,Eastbound,5amto9am,6,,,,
12,2021,B Line Eastbound,2021-12,192,,B Line,Eastbound,5amto9am,6,,,,
11,2021,B Line Eastbound,2021-11,213,,B Line,Eastbound,5amto9am,6,,,,
10,2021,B Line Eastbound,2021-10,230,,B Line,Eastbound,5amto9am,6,,,,
9,2021,B Line Eastbound,2021-09,247,,B Line,Eastbound,5amto9am,6,,,,
8,2021,B Line Eastbound,2021-08,234,,B Line,Eastbound,5amto9am,6,,,,
7,2021,B Line Eastbound,2021-07,226,,B Line,Eastbound,5amto9am,6,,,,
6,2021,B Line Eastbound,2021-06,209,,B Line,Eastbound,5amto9am,6,,,,
5,2021,B Line Eastbound,2021-05,201,,B Line,Eastbound,5amto9am,6,,,,
4,2021,B Line Eastbound,2021-04,179,,B Line,Eastbound,5amto9am,6,,,,
3,2021,B Line Eastbound,2021-03,188,,B Line,Eastbound,5amto9am,6,,,,
2,2021,B Line Eastbound,2021-02,175,,B Line,Eastbound,5amto9am,6,,,,
1,2021,B Line Eastbound,2021-01,160,,B Line,Eastbound,5amto9am,6,,,,
12,2020,B Line Eastbound,2020-12,168,,B Line,Eastbound,5amto9am,6,,,,
11,2020,B Line Eastbound,2020-11,180,,B Line,Eastbound,5amto9am,6,,,,
10,2020,B Line Eastbound,2020-10,187,,B Line,Eastbound,5amto9am,6,,,,
9,2020,B Line Eastbound,2020-09,195,,B Line,Eastbound,5amto9am,6,,,,
8,2020,B Line Eastbound,2020-08,198,,B Line,Eastbound,5amto9am,6,,,,
7,2020,B Line Eastbound,2020-07,200,,B Line,Eastbound,5amto9am,6,,,,
6,2020,B Line Eastbound,2020-06,195,,B Line,Eastbound,5amto9am,6,,,,
5,2020,B Line Eastbound,2020-05,160,,B Line,Eastbound,5amto9am,6,,,,
4,2020,B Line Eastbound,2020-04,136,,B Line,Eastbound,5amto9am,6,,,,
3,2020,B Line Eastbound,2020-03,267,,B Line,Eastbound,5amto9am,6,,,,
2,2020,B Line Eastbound,2020-02,535,,B Line,Eastbound,5amto9am,6,,,,
1,2020,B Line Eastbound,2020-01,505,,B Line,Eastbound,5amto9am,6,,,,
12,2019,B Line Eastbound,2019-12,500,,B Line,Eastbound,5amto9am,6,,,,
11,2019,B Line Eastbound,2019-11,562,,B Line,Eastbound,5amto9am,6,,,,
10,2019,B Line Eastbound,2019-10,589,,B Line,Eastbound,5amto9am,6,,,,
9,2019,B Line Eastbound,2019-09,590,,B Line,Eastbound,5amto9am,6,,,,
8,2019,B Line Eastbound,2019-08,545,,B Line,Eastbound,5amto9am,6,,,,
7,2019,B Line Eastbound,2019-07,566,,B Line,Eastbound,5amto9am,6,,,,
6,2019,B Line Eastbound,2019-06,573,,B Line,Eastbound,5amto9am,6,,,,
5,2024,B Line Westbound,2024-05,537,-35.76555024,B Line,Westbound,5amto9am,5,,,,
4,2024,B Line Westbound,2024-04,550,-34.21052632,B Line,Westbound,5amto9am,5,,,,
3,2024,B Line Westbound,2024-03,540,-35.40669856,B Line,Westbound,5amto9am,5,,,,
2,2024,B Line Westbound,2024-02,511,-38.87559809,B Line,Westbound,5amto9am,5,,,,
1,2024,B Line Westbound,2024-01,520,-37.79904306,B Line,Westbound,5amto9am,5,,,,
12,2023,B Line Westbound,2023-12,427,-48.92344498,B Line,Westbound,5amto9am,5,,,,
11,2023,B Line Westbound,2023-11,511,-38.87559809,B Line,Westbound,5amto9am,5,,,,
10,2023,B Line Westbound,2023-10,554,-33.73205742,B Line,Westbound,5amto9am,5,,,,
9,2023,B Line Westbound,2023-09,525,-37.20095694,B Line,Westbound,5amto9am,5,,,,
8,2023,B Line Westbound,2023-08,509,-39.11483254,B Line,Westbound,5amto9am,5,,,,
7,2023,B Line Westbound,2023-07,526,-37.08133971,B Line,Westbound,5amto9am,5,,,,
6,2023,B Line Westbound,2023-06,543,-35.04784689,B Line,Westbound,5amto9am,5,,,,
5,2023,B Line Westbound,2023-05,479,-42.70334928,B Line,Westbound,5amto9am,5,,,,
4,2023,B Line Westbound,2023-04,415,-50.35885167,B Line,Westbound,5amto9am,5,,,,
3,2023,B Line Westbound,2023-03,410,-50.9569378,B Line,Westbound,5amto9am,5,,,,
2,2023,B Line Westbound,2023-02,405,-51.55502392,B Line,Westbound,5amto9am,5,,,,
1,2023,B Line Westbound,2023-01,393,-52.99043062,B Line,Westbound,5amto9am,5,,,,
12,2022,B Line Westbound,2022-12,317,-62.08133971,B Line,Westbound,5amto9am,5,,,,
11,2022,B Line Westbound,2022-11,394,-52.8708134,B Line,Westbound,5amto9am,5,,,,
10,2022,B Line Westbound,2022-10,410,-50.9569378,B Line,Westbound,5amto9am,5,,,,
9,2022,B Line Westbound,2022-09,408,-51.19617225,B Line,Westbound,5amto9am,5,,,,
8,2022,B Line Westbound,2022-08,393,-52.99043062,B Line,Westbound,5amto9am,5,,,,
7,2022,B Line Westbound,2022-07,382,-54.3062201,B Line,Westbound,5amto9am,5,,,,
6,2022,B Line Westbound,2022-06,392,-53.11004785,B Line,Westbound,5amto9am,5,,,,
5,2022,B Line Westbound,2022-05,356,-57.41626794,B Line,Westbound,5amto9am,5,,,,
4,2022,B Line Westbound,2022-04,326,-61.00478469,B Line,Westbound,5amto9am,5,,,,
3,2022,B Line Westbound,2022-03,302,-63.87559809,B Line,Westbound,5amto9am,5,,,,
2,2022,B Line Westbound,2022-02,239,-71.41148325,B Line,Westbound,5amto9am,5,,,,
1,2022,B Line Westbound,2022-01,242,-71.05263158,B Line,Westbound,5amto9am,5,,,,
12,2021,B Line Westbound,2021-12,241,-71.1722488,B Line,Westbound,5amto9am,5,,,,
11,2021,B Line Westbound,2021-11,286,-65.78947368,B Line,Westbound,5amto9am,5,,,,
10,2021,B Line Westbound,2021-10,293,-64.95215311,B Line,Westbound,5amto9am,5,,,,
9,2021,B Line Westbound,2021-09,277,-66.86602871,B Line,Westbound,5amto9am,5,,,,
8,2021,B Line Westbound,2021-08,252,-69.85645933,B Line,Westbound,5amto9am,5,,,,
7,2021,B Line Westbound,2021-07,249,-70.215311,B Line,Westbound,5amto9am,5,,,,
6,2021,B Line Westbound,2021-06,235,-71.88995215,B Line,Westbound,5amto9am,5,,,,
5,2021,B Line Westbound,2021-05,217,-74.0430622,B Line,Westbound,5amto9am,5,,,,
4,2021,B Line Westbound,2021-04,197,-76.4354067,B Line,Westbound,5amto9am,5,,,,
3,2021,B Line Westbound,2021-03,204,-75.59808612,B Line,Westbound,5amto9am,5,,,,
2,2021,B Line Westbound,2021-02,195,-76.67464115,B Line,Westbound,5amto9am,5,,,,
1,2021,B Line Westbound,2021-01,187,-77.63157895,B Line,Westbound,5amto9am,5,,,,
12,2020,B Line Westbound,2020-12,181,-78.3492823,B Line,Westbound,5amto9am,5,,,,
11,2020,B Line Westbound,2020-11,203,-75.71770335,B Line,Westbound,5amto9am,5,,,,
10,2020,B Line Westbound,2020-10,214,-74.40191388,B Line,Westbound,5amto9am,5,,,,
9,2020,B Line Westbound,2020-09,207,-75.23923445,B Line,Westbound,5amto9am,5,,,,
8,2020,B Line Westbound,2020-08,212,-74.64114833,B Line,Westbound,5amto9am,5,,,,
7,2020,B Line Westbound,2020-07,205,-75.4784689,B Line,Westbound,5amto9am,5,,,,
6,2020,B Line Westbound,2020-06,191,-77.15311005,B Line,Westbound,5amto9am,5,,,,
5,2020,B Line Westbound,2020-05,156,-81.33971292,B Line,Westbound,5amto9am,5,,,,
4,2020,B Line Westbound,2020-04,111,-86.72248804,B Line,Westbound,5amto9am,5,,,,
3,2020,B Line Westbound,2020-03,284,-66.02870813,B Line,Westbound,5amto9am,5,,,,
2,2020,B Line Westbound,2020-02,836,0,B Line,Westbound,5amto9am,5,,,,
1,2020,B Line Westbound,2020-01,748,-10.52631579,B Line,Westbound,5amto9am,5,,,,
12,2019,B Line Westbound,2019-12,691,-17.34449761,B Line,Westbound,5amto9am,5,,,,
11,2019,B Line Westbound,2019-11,890,6.459330144,B Line,Westbound,5amto9am,5,,,,
10,2019,B Line Westbound,2019-10,889,6.339712919,B Line,Westbound,5amto9am,5,,,,
9,2019,B Line Westbound,2019-09,950,13.63636364,B Line,Westbound,5amto9am,5,,,,
8,2019,B Line Westbound,2019-08,956,14.35406699,B Line,Westbound,5amto9am,5,,,,
7,2019,B Line Westbound,2019-07,944,12.91866029,B Line,Westbound,5amto9am,5,,,,
6,2019,B Line Westbound,2019-06,977,16.86602871,B Line,Westbound,5amto9am,5,,,,
5,2024,C Line Northbound,2024-05,"1,400",-52,C Line,Northbound,5amto9am,7,,,,
4,2024,C Line Northbound,2024-04,"1,422",-51,C Line,Northbound,5amto9am,7,,,,
3,2024,C Line Northbound,2024-03,"1,373",-53,C Line,Northbound,5amto9am,7,,,,
2,2024,C Line Northbound,2024-02,"1,351",-53,C Line,Northbound,5amto9am,7,,,,
1,2024,C Line Northbound,2024-01,"1,301",-55,C Line,Northbound,5amto9am,7,,,,
12,2023,C Line Northbound,2023-12,"1,148",-60,C Line,Northbound,5amto9am,7,,,,
11,2023,C Line Northbound,2023-11,"1,471",-49,C Line,Northbound,5amto9am,7,,,,
10,2023,C Line Northbound,2023-10,"1,459",-50,C Line,Northbound,5amto9am,7,,,,
9,2023,C Line Northbound,2023-09,"1,333",-54,C Line,Northbound,5amto9am,7,,,,
8,2023,C Line Northbound,2023-08,"1,380",-52,C Line,Northbound,5amto9am,7,,,,
7,2023,C Line Northbound,2023-07,"1,264",-56,C Line,Northbound,5amto9am,7,,,,
6,2023,C Line Northbound,2023-06,"1,415",-51,C Line,Northbound,5amto9am,7,,,,
5,2023,C Line Northbound,2023-05,"1,353",-53,C Line,Northbound,5amto9am,7,,,,
4,2023,C Line Northbound,2023-04,"1,249",-57,C Line,Northbound,5amto9am,7,,,,
3,2023,C Line Northbound,2023-03,"1,226",-58,C Line,Northbound,5amto9am,7,,,,
2,2023,C Line Northbound,2023-02,"1,191",-59,C Line,Northbound,5amto9am,7,,,,
1,2023,C Line Northbound,2023-01,"1,196",-59,C Line,Northbound,5amto9am,7,,,,
12,2022,C Line Northbound,2022-12,975,-66,C Line,Northbound,5amto9am,7,,,,
11,2022,C Line Northbound,2022-11,"1,138",-61,C Line,Northbound,5amto9am,7,,,,
10,2022,C Line Northbound,2022-10,"1,219",-58,C Line,Northbound,5amto9am,7,,,,
9,2022,C Line Northbound,2022-09,"1,270",-56,C Line,Northbound,5amto9am,7,,,,
8,2022,C Line Northbound,2022-08,"1,260",-57,C Line,Northbound,5amto9am,7,,,,
7,2022,C Line Northbound,2022-07,"1,193",-59,C Line,Northbound,5amto9am,7,,,,
6,2022,C Line Northbound,2022-06,"1,248",-57,C Line,Northbound,5amto9am,7,,,,
5,2022,C Line Northbound,2022-05,"1,157",-60,C Line,Northbound,5amto9am,7,,,,
4,2022,C Line Northbound,2022-04,"1,130",-61,C Line,Northbound,5amto9am,7,,,,
3,2022,C Line Northbound,2022-03,"1,155",-60,C Line,Northbound,5amto9am,7,,,,
2,2022,C Line Northbound,2022-02,"1,038",-64,C Line,Northbound,5amto9am,7,,,,
1,2022,C Line Northbound,2022-01,912,-69,C Line,Northbound,5amto9am,7,,,,
12,2021,C Line Northbound,2021-12,935,-68,C Line,Northbound,5amto9am,7,,,,
11,2021,C Line Northbound,2021-11,"1,108",-62,C Line,Northbound,5amto9am,7,,,,
10,2021,C Line Northbound,2021-10,"1,101",-62,C Line,Northbound,5amto9am,7,,,,
9,2021,C Line Northbound,2021-09,"1,027",-65,C Line,Northbound,5amto9am,7,,,,
8,2021,C Line Northbound,2021-08,965,-67,C Line,Northbound,5amto9am,7,,,,
7,2021,C Line Northbound,2021-07,956,-67,C Line,Northbound,5amto9am,7,,,,
6,2021,C Line Northbound,2021-06,835,-71,C Line,Northbound,5amto9am,7,,,,
5,2021,C Line Northbound,2021-05,726,-75,C Line,Northbound,5amto9am,7,,,,
4,2021,C Line Northbound,2021-04,684,-76,C Line,Northbound,5amto9am,7,,,,
3,2021,C Line Northbound,2021-03,656,-77,C Line,Northbound,5amto9am,7,,,,
2,2021,C Line Northbound,2021-02,641,-78,C Line,Northbound,5amto9am,7,,,,
1,2021,C Line Northbound,2021-01,614,-79,C Line,Northbound,5amto9am,7,,,,
12,2020,C Line Northbound,2020-12,574,-80,C Line,Northbound,5amto9am,7,,,,
11,2020,C Line Northbound,2020-11,663,-77,C Line,Northbound,5amto9am,7,,,,
10,2020,C Line Northbound,2020-10,681,-77,C Line,Northbound,5amto9am,7,,,,
9,2020,C Line Northbound,2020-09,678,-77,C Line,Northbound,5amto9am,7,,,,
8,2020,C Line Northbound,2020-08,659,-77,C Line,Northbound,5amto9am,7,,,,
7,2020,C Line Northbound,2020-07,635,-78,C Line,Northbound,5amto9am,7,,,,
6,2020,C Line Northbound,2020-06,577,-80,C Line,Northbound,5amto9am,7,,,,
5,2020,C Line Northbound,2020-05,455,-84,C Line,Northbound,5amto9am,7,,,,
4,2020,C Line Northbound,2020-04,411,-86,C Line,Northbound,5amto9am,7,,,,
3,2020,C Line Northbound,2020-03,"1,133",-61,C Line,Northbound,5amto9am,7,,,,
2,2020,C Line Northbound,2020-02,"2,905",0,C Line,Northbound,5amto9am,7,,,,
1,2020,C Line Northbound,2020-01,"2,873",-1,C Line,Northbound,5amto9am,7,,,,
12,2019,C Line Northbound,2019-12,"2,510",-14,C Line,Northbound,5amto9am,7,,,,
11,2019,C Line Northbound,2019-11,"2,898",0,C Line,Northbound,5amto9am,7,,,,
10,2019,C Line Northbound,2019-10,"2,972",2,C Line,Northbound,5amto9am,7,,,,
9,2019,C Line Northbound,2019-09,"2,801",-4,C Line,Northbound,5amto9am,7,,,,
8,2019,C Line Northbound,2019-08,"2,532",-13,C Line,Northbound,5amto9am,7,,,,
7,2019,C Line Northbound,2019-07,"2,656",-9,C Line,Northbound,5amto9am,7,,,,
6,2019,C Line Northbound,2019-06,"2,776",-4,C Line,Northbound,5amto9am,7,,,,
5,2024,C Line Southbound,2024-05,340,,C Line,Southbound,5amto9am,6,,,,
4,2024,C Line Southbound,2024-04,314,,C Line,Southbound,5amto9am,6,,,,
3,2024,C Line Southbound,2024-03,301,,C Line,Southbound,5amto9am,6,,,,
2,2024,C Line Southbound,2024-02,302,,C Line,Southbound,5amto9am,6,,,,
1,2024,C Line Southbound,2024-01,276,,C Line,Southbound,5amto9am,6,,,,
12,2023,C Line Southbound,2023-12,274,,C Line,Southbound,5amto9am,6,,,,
11,2023,C Line Southbound,2023-11,302,,C Line,Southbound,5amto9am,6,,,,
10,2023,C Line Southbound,2023-10,296,,C Line,Southbound,5amto9am,6,,,,
9,2023,C Line Southbound,2023-09,308,,C Line,Southbound,5amto9am,6,,,,
8,2023,C Line Southbound,2023-08,286,,C Line,Southbound,5amto9am,6,,,,
7,2023,C Line Southbound,2023-07,274,,C Line,Southbound,5amto9am,6,,,,
6,2023,C Line Southbound,2023-06,308,,C Line,Southbound,5amto9am,6,,,,
5,2023,C Line Southbound,2023-05,323,,C Line,Southbound,5amto9am,6,,,,
4,2023,C Line Southbound,2023-04,289,,C Line,Southbound,5amto9am,6,,,,
3,2023,C Line Southbound,2023-03,281,,C Line,Southbound,5amto9am,6,,,,
2,2023,C Line Southbound,2023-02,269,,C Line,Southbound,5amto9am,6,,,,
1,2023,C Line Southbound,2023-01,265,,C Line,Southbound,5amto9am,6,,,,
12,2022,C Line Southbound,2022-12,221,,C Line,Southbound,5amto9am,6,,,,
11,2022,C Line Southbound,2022-11,257,,C Line,Southbound,5amto9am,6,,,,
10,2022,C Line Southbound,2022-10,264,,C Line,Southbound,5amto9am,6,,,,
9,2022,C Line Southbound,2022-09,272,,C Line,Southbound,5amto9am,6,,,,
8,2022,C Line Southbound,2022-08,265,,C Line,Southbound,5amto9am,6,,,,
7,2022,C Line Southbound,2022-07,244,,C Line,Southbound,5amto9am,6,,,,
6,2022,C Line Southbound,2022-06,247,,C Line,Southbound,5amto9am,6,,,,
5,2022,C Line Southbound,2022-05,249,,C Line,Southbound,5amto9am,6,,,,
4,2022,C Line Southbound,2022-04,232,,C Line,Southbound,5amto9am,6,,,,
3,2022,C Line Southbound,2022-03,249,,C Line,Southbound,5amto9am,6,,,,
2,2022,C Line Southbound,2022-02,238,,C Line,Southbound,5amto9am,6,,,,
1,2022,C Line Southbound,2022-01,230,,C Line,Southbound,5amto9am,6,,,,
12,2021,C Line Southbound,2021-12,206,,C Line,Southbound,5amto9am,6,,,,
11,2021,C Line Southbound,2021-11,252,,C Line,Southbound,5amto9am,6,,,,
10,2021,C Line Southbound,2021-10,240,,C Line,Southbound,5amto9am,6,,,,
9,2021,C Line Southbound,2021-09,244,,C Line,Southbound,5amto9am,6,,,,
8,2021,C Line Southbound,2021-08,249,,C Line,Southbound,5amto9am,6,,,,
7,2021,C Line Southbound,2021-07,232,,C Line,Southbound,5amto9am,6,,,,
6,2021,C Line Southbound,2021-06,232,,C Line,Southbound,5amto9am,6,,,,
5,2021,C Line Southbound,2021-05,226,,C Line,Southbound,5amto9am,6,,,,
4,2021,C Line Southbound,2021-04,205,,C Line,Southbound,5amto9am,6,,,,
3,2021,C Line Southbound,2021-03,196,,C Line,Southbound,5amto9am,6,,,,
2,2021,C Line Southbound,2021-02,187,,C Line,Southbound,5amto9am,6,,,,
1,2021,C Line Southbound,2021-01,177,,C Line,Southbound,5amto9am,6,,,,
12,2020,C Line Southbound,2020-12,181,,C Line,Southbound,5amto9am,6,,,,
11,2020,C Line Southbound,2020-11,186,,C Line,Southbound,5amto9am,6,,,,
10,2020,C Line Southbound,2020-10,204,,C Line,Southbound,5amto9am,6,,,,
9,2020,C Line Southbound,2020-09,220,,C Line,Southbound,5amto9am,6,,,,
8,2020,C Line Southbound,2020-08,226,,C Line,Southbound,5amto9am,6,,,,
7,2020,C Line Southbound,2020-07,226,,C Line,Southbound,5amto9am,6,,,,
6,2020,C Line Southbound,2020-06,213,,C Line,Southbound,5amto9am,6,,,,
5,2020,C Line Southbound,2020-05,195,,C Line,Southbound,5amto9am,6,,,,
4,2020,C Line Southbound,2020-04,197,,C Line,Southbound,5amto9am,6,,,,
3,2020,C Line Southbound,2020-03,292,,C Line,Southbound,5amto9am,6,,,,
2,2020,C Line Southbound,2020-02,461,,C Line,Southbound,5amto9am,6,,,,
1,2020,C Line Southbound,2020-01,457,,C Line,Southbound,5amto9am,6,,,,
12,2019,C Line Southbound,2019-12,409,,C Line,Southbound,5amto9am,6,,,,
11,2019,C Line Southbound,2019-11,462,,C Line,Southbound,5amto9am,6,,,,
10,2019,C Line Southbound,2019-10,476,,C Line,Southbound,5amto9am,6,,,,
9,2019,C Line Southbound,2019-09,500,,C Line,Southbound,5amto9am,6,,,,
8,2019,C Line Southbound,2019-08,464,,C Line,Southbound,5amto9am,6,,,,
7,2019,C Line Southbound,2019-07,470,,C Line,Southbound,5amto9am,6,,,,
6,2019,C Line Southbound,2019-06,483,,C Line,Southbound,5amto9am,6,,,,
5,2024,D Line Northbound,2024-05,839,-39.64028777,D Line,Northbound,5amto9am,6,,,,
4,2024,D Line Northbound,2024-04,790,-43.16546763,D Line,Northbound,5amto9am,6,,,,
3,2024,D Line Northbound,2024-03,794,-42.87769784,D Line,Northbound,5amto9am,6,,,,
2,2024,D Line Northbound,2024-02,770,-44.60431655,D Line,Northbound,5amto9am,6,,,,
1,2024,D Line Northbound,2024-01,773,-44.38848921,D Line,Northbound,5amto9am,6,,,,
12,2023,D Line Northbound,2023-12,675,-51.43884892,D Line,Northbound,5amto9am,6,,,,
11,2023,D Line Northbound,2023-11,785,-43.52517986,D Line,Northbound,5amto9am,6,,,,
10,2023,D Line Northbound,2023-10,815,-41.36690647,D Line,Northbound,5amto9am,6,,,,
9,2023,D Line Northbound,2023-09,765,-44.96402878,D Line,Northbound,5amto9am,6,,,,
8,2023,D Line Northbound,2023-08,633,-54.46043165,D Line,Northbound,5amto9am,6,,,,
7,2023,D Line Northbound,2023-07,605,-56.47482014,D Line,Northbound,5amto9am,6,,,,
6,2023,D Line Northbound,2023-06,659,-52.58992806,D Line,Northbound,5amto9am,6,,,,
5,2023,D Line Northbound,2023-05,776,-44.17266187,D Line,Northbound,5amto9am,6,,,,
4,2023,D Line Northbound,2023-04,727,-47.69784173,D Line,Northbound,5amto9am,6,,,,
3,2023,D Line Northbound,2023-03,740,-46.76258993,D Line,Northbound,5amto9am,6,,,,
2,2023,D Line Northbound,2023-02,697,-49.85611511,D Line,Northbound,5amto9am,6,,,,
1,2023,D Line Northbound,2023-01,702,-49.49640288,D Line,Northbound,5amto9am,6,,,,
12,2022,D Line Northbound,2022-12,585,-57.91366906,D Line,Northbound,5amto9am,6,,,,
11,2022,D Line Northbound,2022-11,686,-50.64748201,D Line,Northbound,5amto9am,6,,,,
10,2022,D Line Northbound,2022-10,707,-49.13669065,D Line,Northbound,5amto9am,6,,,,
9,2022,D Line Northbound,2022-09,658,-52.6618705,D Line,Northbound,5amto9am,6,,,,
8,2022,D Line Northbound,2022-08,574,-58.70503597,D Line,Northbound,5amto9am,6,,,,
7,2022,D Line Northbound,2022-07,589,-57.62589928,D Line,Northbound,5amto9am,6,,,,
6,2022,D Line Northbound,2022-06,646,-53.52517986,D Line,Northbound,5amto9am,6,,,,
5,2022,D Line Northbound,2022-05,682,-50.9352518,D Line,Northbound,5amto9am,6,,,,
4,2022,D Line Northbound,2022-04,620,-55.39568345,D Line,Northbound,5amto9am,6,,,,
3,2022,D Line Northbound,2022-03,638,-54.10071942,D Line,Northbound,5amto9am,6,,,,
2,2022,D Line Northbound,2022-02,552,-60.28776978,D Line,Northbound,5amto9am,6,,,,
1,2022,D Line Northbound,2022-01,551,-60.35971223,D Line,Northbound,5amto9am,6,,,,
12,2021,D Line Northbound,2021-12,553,-60.21582734,D Line,Northbound,5amto9am,6,,,,
11,2021,D Line Northbound,2021-11,632,-54.5323741,D Line,Northbound,5amto9am,6,,,,
10,2021,D Line Northbound,2021-10,668,-51.94244604,D Line,Northbound,5amto9am,6,,,,
9,2021,D Line Northbound,2021-09,654,-52.94964029,D Line,Northbound,5amto9am,6,,,,
8,2021,D Line Northbound,2021-08,489,-64.82014388,D Line,Northbound,5amto9am,6,,,,
7,2021,D Line Northbound,2021-07,470,-66.18705036,D Line,Northbound,5amto9am,6,,,,
6,2021,D Line Northbound,2021-06,467,-66.4028777,D Line,Northbound,5amto9am,6,,,,
5,2021,D Line Northbound,2021-05,431,-68.99280576,D Line,Northbound,5amto9am,6,,,,
4,2021,D Line Northbound,2021-04,424,-69.49640288,D Line,Northbound,5amto9am,6,,,,
3,2021,D Line Northbound,2021-03,417,-70,D Line,Northbound,5amto9am,6,,,,
2,2021,D Line Northbound,2021-02,400,-71.22302158,D Line,Northbound,5amto9am,6,,,,
1,2021,D Line Northbound,2021-01,387,-72.15827338,D Line,Northbound,5amto9am,6,,,,
12,2020,D Line Northbound,2020-12,392,-71.79856115,D Line,Northbound,5amto9am,6,,,,
11,2020,D Line Northbound,2020-11,417,-70,D Line,Northbound,5amto9am,6,,,,
10,2020,D Line Northbound,2020-10,452,-67.48201439,D Line,Northbound,5amto9am,6,,,,
9,2020,D Line Northbound,2020-09,447,-67.84172662,D Line,Northbound,5amto9am,6,,,,
8,2020,D Line Northbound,2020-08,417,-70,D Line,Northbound,5amto9am,6,,,,
7,2020,D Line Northbound,2020-07,412,-70.35971223,D Line,Northbound,5amto9am,6,,,,
6,2020,D Line Northbound,2020-06,410,-70.50359712,D Line,Northbound,5amto9am,6,,,,
5,2020,D Line Northbound,2020-05,356,-74.38848921,D Line,Northbound,5amto9am,6,,,,
4,2020,D Line Northbound,2020-04,394,-71.65467626,D Line,Northbound,5amto9am,6,,,,
3,2020,D Line Northbound,2020-03,813,-41.51079137,D Line,Northbound,5amto9am,6,,,,
2,2020,D Line Northbound,2020-02,"1,390",0,D Line,Northbound,5amto9am,6,,,,
1,2020,D Line Northbound,2020-01,"1,381",-0.647482014,D Line,Northbound,5amto9am,6,,,,
12,2019,D Line Northbound,2019-12,"1,261",-9.28057554,D Line,Northbound,5amto9am,6,,,,
11,2019,D Line Northbound,2019-11,"1,385",-0.35971223,D Line,Northbound,5amto9am,6,,,,
10,2019,D Line Northbound,2019-10,"1,451",4.388489209,D Line,Northbound,5amto9am,6,,,,
9,2019,D Line Northbound,2019-09,"1,373",-1.223021583,D Line,Northbound,5amto9am,6,,,,
8,2019,D Line Northbound,2019-08,"1,179",-15.17985612,D Line,Northbound,5amto9am,6,,,,
7,2019,D Line Northbound,2019-07,"1,217",-12.44604317,D Line,Northbound,5amto9am,6,,,,
6,2019,D Line Northbound,2019-06,"1,480",6.474820144,D Line,Northbound,5amto9am,6,,,,
5,2024,D Line Southbound,2024-05,"1,136",,D Line,Southbound,5amto9am,7,,,,
4,2024,D Line Southbound,2024-04,1111,,D Line,Southbound,5amto9am,7,,,,
3,2024,D Line Southbound,2024-03,"1,117",,D Line,Southbound,5amto9am,7,,,,
2,2024,D Line Southbound,2024-02,"1,099",,D Line,Southbound,5amto9am,7,,,,
1,2024,D Line Southbound,2024-01,"1,051",,D Line,Southbound,5amto9am,7,,,,
12,2023,D Line Southbound,2023-12,909,,D Line,Southbound,5amto9am,7,,,,
11,2023,D Line Southbound,2023-11,"1,051",,D Line,Southbound,5amto9am,7,,,,
10,2023,D Line Southbound,2023-10,"1,108",,D Line,Southbound,5amto9am,7,,,,
9,2023,D Line Southbound,2023-09,"1,061",,D Line,Southbound,5amto9am,7,,,,
8,2023,D Line Southbound,2023-08,923,,D Line,Southbound,5amto9am,7,,,,
7,2023,D Line Southbound,2023-07,895,,D Line,Southbound,5amto9am,7,,,,
6,2023,D Line Southbound,2023-06,927,,D Line,Southbound,5amto9am,7,,,,
5,2023,D Line Southbound,2023-05,"1,009",,D Line,Southbound,5amto9am,7,,,,
4,2023,D Line Southbound,2023-04,955,,D Line,Southbound,5amto9am,7,,,,
3,2023,D Line Southbound,2023-03,951,,D Line,Southbound,5amto9am,7,,,,
2,2023,D Line Southbound,2023-02,935,,D Line,Southbound,5amto9am,7,,,,
1,2023,D Line Southbound,2023-01,959,,D Line,Southbound,5amto9am,7,,,,
12,2022,D Line Southbound,2022-12,799,,D Line,Southbound,5amto9am,7,,,,
11,2022,D Line Southbound,2022-11,884,,D Line,Southbound,5amto9am,7,,,,
10,2022,D Line Southbound,2022-10,910,,D Line,Southbound,5amto9am,7,,,,
9,2022,D Line Southbound,2022-09,882,,D Line,Southbound,5amto9am,7,,,,
8,2022,D Line Southbound,2022-08,843,,D Line,Southbound,5amto9am,7,,,,
7,2022,D Line Southbound,2022-07,878,,D Line,Southbound,5amto9am,7,,,,
6,2022,D Line Southbound,2022-06,868,,D Line,Southbound,5amto9am,7,,,,
5,2022,D Line Southbound,2022-05,865,,D Line,Southbound,5amto9am,7,,,,
4,2022,D Line Southbound,2022-04,829,,D Line,Southbound,5amto9am,7,,,,
3,2022,D Line Southbound,2022-03,781,,D Line,Southbound,5amto9am,7,,,,
2,2022,D Line Southbound,2022-02,699,,D Line,Southbound,5amto9am,7,,,,
1,2022,D Line Southbound,2022-01,661,,D Line,Southbound,5amto9am,7,,,,
12,2021,D Line Southbound,2021-12,664,,D Line,Southbound,5amto9am,7,,,,
11,2021,D Line Southbound,2021-11,751,,D Line,Southbound,5amto9am,7,,,,
10,2021,D Line Southbound,2021-10,775,,D Line,Southbound,5amto9am,7,,,,
9,2021,D Line Southbound,2021-09,801,,D Line,Southbound,5amto9am,7,,,,
8,2021,D Line Southbound,2021-08,669,,D Line,Southbound,5amto9am,7,,,,
7,2021,D Line Southbound,2021-07,671,,D Line,Southbound,5amto9am,7,,,,
6,2021,D Line Southbound,2021-06,601,,D Line,Southbound,5amto9am,7,,,,
5,2021,D Line Southbound,2021-05,529,,D Line,Southbound,5amto9am,7,,,,
4,2021,D Line Southbound,2021-04,514,,D Line,Southbound,5amto9am,7,,,,
3,2021,D Line Southbound,2021-03,497,,D Line,Southbound,5amto9am,7,,,,
2,2021,D Line Southbound,2021-02,494,,D Line,Southbound,5amto9am,7,,,,
1,2021,D Line Southbound,2021-01,495,,D Line,Southbound,5amto9am,7,,,,
12,2020,D Line Southbound,2020-12,462,,D Line,Southbound,5amto9am,7,,,,
11,2020,D Line Southbound,2020-11,496,,D Line,Southbound,5amto9am,7,,,,
10,2020,D Line Southbound,2020-10,527,,D Line,Southbound,5amto9am,7,,,,
9,2020,D Line Southbound,2020-09,527,,D Line,Southbound,5amto9am,7,,,,
8,2020,D Line Southbound,2020-08,480,,D Line,Southbound,5amto9am,7,,,,
7,2020,D Line Southbound,2020-07,478,,D Line,Southbound,5amto9am,7,,,,
6,2020,D Line Southbound,2020-06,462,,D Line,Southbound,5amto9am,7,,,,
5,2020,D Line Southbound,2020-05,396,,D Line,Southbound,5amto9am,7,,,,
4,2020,D Line Southbound,2020-04,405,,D Line,Southbound,5amto9am,7,,,,
3,2020,D Line Southbound,2020-03,986,,D Line,Southbound,5amto9am,7,,,,
2,2020,D Line Southbound,2020-02,"2,296",,D Line,Southbound,5amto9am,7,,,,
1,2020,D Line Southbound,2020-01,"2,327",,D Line,Southbound,5amto9am,7,,,,
12,2019,D Line Southbound,2019-12,"1,968",,D Line,Southbound,5amto9am,7,,,,
11,2019,D Line Southbound,2019-11,"2,172",,D Line,Southbound,5amto9am,7,,,,
10,2019,D Line Southbound,2019-10,"2,335",,D Line,Southbound,5amto9am,7,,,,
9,2019,D Line Southbound,2019-09,"2,180",,D Line,Southbound,5amto9am,7,,,,
8,2019,D Line Southbound,2019-08,"2,096",,D Line,Southbound,5amto9am,7,,,,
7,2019,D Line Southbound,2019-07,"2,095",,D Line,Southbound,5amto9am,7,,,,
6,2019,D Line Southbound,2019-06,"2,191",,D Line,Southbound,5amto9am,7,,,,
5,2024,E Line Northbound,2024-05,819,,E Line,Northbound,5amto9am,5,,,,
4,2024,E Line Northbound,2024-04,764,,E Line,Northbound,5amto9am,5,,,, 
3,2024,E Line Northbound,2024-03,793,,E Line,Northbound,5amto9am,5,,,,
2,2024,E Line Northbound,2024-02,790,,E Line,Northbound,5amto9am,5,,,,
1,2024,E Line Northbound,2024-01,760,,E Line,Northbound,5amto9am,5,,,,
12,2023,E Line Northbound,2023-12,678,,E Line,Northbound,5amto9am,5,,,,
11,2023,E Line Northbound,2023-11,726,,E Line,Northbound,5amto9am,5,,,,
10,2023,E Line Northbound,2023-10,725,,E Line,Northbound,5amto9am,5,,,,
9,2023,E Line Northbound,2023-09,708,,E Line,Northbound,5amto9am,5,,,,
8,2023,E Line Northbound,2023-08,664,,E Line,Northbound,5amto9am,5,,,,
7,2023,E Line Northbound,2023-07,654,,E Line,Northbound,5amto9am,5,,,,
6,2023,E Line Northbound,2023-06,686,,E Line,Northbound,5amto9am,5,,,,
5,2023,E Line Northbound,2023-05,699,,E Line,Northbound,5amto9am,5,,,,
4,2023,E Line Northbound,2023-04,663,,E Line,Northbound,5amto9am,5,,,,
3,2023,E Line Northbound,2023-03,649,,E Line,Northbound,5amto9am,5,,,,
2,2023,E Line Northbound,2023-02,632,,E Line,Northbound,5amto9am,5,,,,
1,2023,E Line Northbound,2023-01,618,,E Line,Northbound,5amto9am,5,,,,
12,2022,E Line Northbound,2022-12,555,,E Line,Northbound,5amto9am,5,,,,
11,2022,E Line Northbound,2022-11,644,,E Line,Northbound,5amto9am,5,,,,
10,2022,E Line Northbound,2022-10,697,,E Line,Northbound,5amto9am,5,,,,
9,2022,E Line Northbound,2022-09,688,,E Line,Northbound,5amto9am,5,,,,
8,2022,E Line Northbound,2022-08,622,,E Line,Northbound,5amto9am,5,,,,
7,2022,E Line Northbound,2022-07,636,,E Line,Northbound,5amto9am,5,,,,
6,2022,E Line Northbound,2022-06,653,,E Line,Northbound,5amto9am,5,,,,
5,2022,E Line Northbound,2022-05,681,,E Line,Northbound,5amto9am,5,,,,
4,2022,E Line Northbound,2022-04,639,,E Line,Northbound,5amto9am,5,,,,
3,2022,E Line Northbound,2022-03,661,,E Line,Northbound,5amto9am,5,,,,
2,2022,E Line Northbound,2022-02,603,,E Line,Northbound,5amto9am,5,,,,
1,2022,E Line Northbound,2022-01,609,,E Line,Northbound,5amto9am,5,,,,
12,2021,E Line Northbound,2021-12,560,,E Line,Northbound,5amto9am,5,,,,
11,2021,E Line Northbound,2021-11,636,,E Line,Northbound,5amto9am,5,,,,
10,2021,E Line Northbound,2021-10,654,,E Line,Northbound,5amto9am,5,,,,
9,2021,E Line Northbound,2021-09,676,,E Line,Northbound,5amto9am,5,,,,
8,2021,E Line Northbound,2021-08,563,,E Line,Northbound,5amto9am,5,,,,
7,2021,E Line Northbound,2021-07,559,,E Line,Northbound,5amto9am,5,,,,
6,2021,E Line Northbound,2021-06,542,,E Line,Northbound,5amto9am,5,,,,
5,2021,E Line Northbound,2021-05,509,,E Line,Northbound,5amto9am,5,,,,
4,2021,E Line Northbound,2021-04,505,,E Line,Northbound,5amto9am,5,,,,
3,2021,E Line Northbound,2021-03,508,,E Line,Northbound,5amto9am,5,,,,
2,2021,E Line Northbound,2021-02,484,,E Line,Northbound,5amto9am,5,,,,
1,2021,E Line Northbound,2021-01,484,,E Line,Northbound,5amto9am,5,,,,
12,2020,E Line Northbound,2020-12,493,,E Line,Northbound,5amto9am,5,,,,
11,2020,E Line Northbound,2020-11,506,,E Line,Northbound,5amto9am,5,,,,
10,2020,E Line Northbound,2020-10,481,,E Line,Northbound,5amto9am,5,,,,
9,2020,E Line Northbound,2020-09,499,,E Line,Northbound,5amto9am,5,,,,
8,2020,E Line Northbound,2020-08,529,,E Line,Northbound,5amto9am,5,,,,
7,2020,E Line Northbound,2020-07,538,,E Line,Northbound,5amto9am,5,,,,
6,2020,E Line Northbound,2020-06,532,,E Line,Northbound,5amto9am,5,,,,
5,2020,E Line Northbound,2020-05,500,,E Line,Northbound,5amto9am,5,,,,
4,2020,E Line Northbound,2020-04,490,,E Line,Northbound,5amto9am,5,,,,
3,2020,E Line Northbound,2020-03,691,,E Line,Northbound,5amto9am,5,,,,
2,2020,E Line Northbound,2020-02,950,,E Line,Northbound,5amto9am,5,,,,
1,2020,E Line Northbound,2020-01,886,,E Line,Northbound,5amto9am,5,,,,
12,2019,E Line Northbound,2019-12,878,,E Line,Northbound,5amto9am,5,,,,
11,2019,E Line Northbound,2019-11,996,,E Line,Northbound,5amto9am,5,,,,
10,2019,E Line Northbound,2019-10,969,,E Line,Northbound,5amto9am,5,,,,
9,2019,E Line Northbound,2019-09,964,,E Line,Northbound,5amto9am,5,,,,
8,2019,E Line Northbound,2019-08,834,,E Line,Northbound,5amto9am,5,,,,
7,2019,E Line Northbound,2019-07,857,,E Line,Northbound,5amto9am,5,,,,
6,2019,E Line Northbound,2019-06,929,,E Line,Northbound,5amto9am,5,,,,
5,2024,E Line Southbound,2024-05,"1,548",,E Line,Southbound,5amto9am,8,,,,
4,2024,E Line Southbound,2024-04,"1,459",,E Line,Southbound,5amto9am,8,,,,
3,2024,E Line Southbound,2024-03,"1,476",,E Line,Southbound,5amto9am,8,,,,
2,2024,E Line Southbound,2024-02,"1,466",,E Line,Southbound,5amto9am,8,,,,
1,2024,E Line Southbound,2024-01,"1,409",,E Line,Southbound,5amto9am,8,,,,
12,2023,E Line Southbound,2023-12,"1,254",,E Line,Southbound,5amto9am,8,,,,
11,2023,E Line Southbound,2023-11,"1,357",,E Line,Southbound,5amto9am,8,,,,
10,2023,E Line Southbound,2023-10,"1,413",,E Line,Southbound,5amto9am,8,,,,
9,2023,E Line Southbound,2023-09,"1,354",,E Line,Southbound,5amto9am,8,,,,
8,2023,E Line Southbound,2023-08,"1,408",,E Line,Southbound,5amto9am,8,,,,
7,2023,E Line Southbound,2023-07,"1,349",,E Line,Southbound,5amto9am,8,,,,
6,2023,E Line Southbound,2023-06,"1,349",,E Line,Southbound,5amto9am,8,,,,
5,2023,E Line Southbound,2023-05,"1,347",,E Line,Southbound,5amto9am,8,,,,
4,2023,E Line Southbound,2023-04,"1,218",,E Line,Southbound,5amto9am,8,,,,
3,2023,E Line Southbound,2023-03,"1,238",,E Line,Southbound,5amto9am,8,,,,
2,2023,E Line Southbound,2023-02,"1,196",,E Line,Southbound,5amto9am,8,,,,
1,2023,E Line Southbound,2023-01,"1,159",,E Line,Southbound,5amto9am,8,,,,
12,2022,E Line Southbound,2022-12,"1,042",,E Line,Southbound,5amto9am,8,,,,
11,2022,E Line Southbound,2022-11,"1,194",,E Line,Southbound,5amto9am,8,,,,
10,2022,E Line Southbound,2022-10,"1,221",,E Line,Southbound,5amto9am,8,,,,
9,2022,E Line Southbound,2022-09,"1,239",,E Line,Southbound,5amto9am,8,,,,
8,2022,E Line Southbound,2022-08,"1,180",,E Line,Southbound,5amto9am,8,,,,
7,2022,E Line Southbound,2022-07,"1,202",,E Line,Southbound,5amto9am,8,,,,
6,2022,E Line Southbound,2022-06,"1,214",,E Line,Southbound,5amto9am,8,,,,
5,2022,E Line Southbound,2022-05,"1,150",,E Line,Southbound,5amto9am,8,,,,
4,2022,E Line Southbound,2022-04,"1,114",,E Line,Southbound,5amto9am,8,,,,
3,2022,E Line Southbound,2022-03,"1,059",,E Line,Southbound,5amto9am,8,,,,
2,2022,E Line Southbound,2022-02,"1,002",,E Line,Southbound,5amto9am,8,,,,
1,2022,E Line Southbound,2022-01,925,,E Line,Southbound,5amto9am,8,,,,
12,2021,E Line Southbound,2021-12,902,,E Line,Southbound,5amto9am,8,,,,
11,2021,E Line Southbound,2021-11,"1,065",,E Line,Southbound,5amto9am,8,,,,
10,2021,E Line Southbound,2021-10,"1,029",,E Line,Southbound,5amto9am,8,,,,
9,2021,E Line Southbound,2021-09,999,,E Line,Southbound,5amto9am,8,,,,
8,2021,E Line Southbound,2021-08,915,,E Line,Southbound,5amto9am,8,,,,
7,2021,E Line Southbound,2021-07,885,,E Line,Southbound,5amto9am,8,,,,
6,2021,E Line Southbound,2021-06,823,,E Line,Southbound,5amto9am,8,,,,
5,2021,E Line Southbound,2021-05,732,,E Line,Southbound,5amto9am,8,,,,
4,2021,E Line Southbound,2021-04,721,,E Line,Southbound,5amto9am,8,,,,
3,2021,E Line Southbound,2021-03,734,,E Line,Southbound,5amto9am,8,,,,
2,2021,E Line Southbound,2021-02,704,,E Line,Southbound,5amto9am,8,,,,
1,2021,E Line Southbound,2021-01,707,,E Line,Southbound,5amto9am,8,,,,
12,2020,E Line Southbound,2020-12,678,,E Line,Southbound,5amto9am,8,,,,
11,2020,E Line Southbound,2020-11,709,,E Line,Southbound,5amto9am,8,,,,
10,2020,E Line Southbound,2020-10,721,,E Line,Southbound,5amto9am,8,,,,
9,2020,E Line Southbound,2020-09,752,,E Line,Southbound,5amto9am,8,,,,
8,2020,E Line Southbound,2020-08,724,,E Line,Southbound,5amto9am,8,,,,
7,2020,E Line Southbound,2020-07,707,,E Line,Southbound,5amto9am,8,,,,
6,2020,E Line Southbound,2020-06,677,,E Line,Southbound,5amto9am,8,,,,
5,2020,E Line Southbound,2020-05,643,,E Line,Southbound,5amto9am,8,,,,
4,2020,E Line Southbound,2020-04,603,,E Line,Southbound,5amto9am,8,,,,
3,2020,E Line Southbound,2020-03,"1,325",,E Line,Southbound,5amto9am,8,,,,
2,2020,E Line Southbound,2020-02,"2,956",,E Line,Southbound,5amto9am,8,,,,
1,2020,E Line Southbound,2020-01,"2,891",,E Line,Southbound,5amto9am,8,,,,
12,2019,E Line Southbound,2019-12,"2,610",,E Line,Southbound,5amto9am,8,,,,
11,2019,E Line Southbound,2019-11,"2,939",,E Line,Southbound,5amto9am,8,,,,
10,2019,E Line Southbound,2019-10,"3,014",,E Line,Southbound,5amto9am,8,,,,
9,2019,E Line Southbound,2019-09,"3,012",,E Line,Southbound,5amto9am,8,,,,
8,2019,E Line Southbound,2019-08,"2,822",,E Line,Southbound,5amto9am,8,,,,
7,2019,E Line Southbound,2019-07,"2,903",,E Line,Southbound,5amto9am,8,,,,
6,2019,E Line Southbound,2019-06,"3,016",,E Line,Southbound,5amto9am,8,,,,
5,2024,F Line Eastbound,2024-05,464,,F Line,Eastbound,5amto9am,5,,,,
4,2024,F Line Eastbound,2024-04,451,,F Line,Eastbound,5amto9am,5,,,,
3,2024,F Line Eastbound,2024-03,422,,F Line,Eastbound,5amto9am,5,,,,
2,2024,F Line Eastbound,2024-02,421,,F Line,Eastbound,5amto9am,5,,,,
1,2024,F Line Eastbound,2024-01,385,,F Line,Eastbound,5amto9am,5,,,,
12,2023,F Line Eastbound,2023-12,378,,F Line,Eastbound,5amto9am,5,,,,
11,2023,F Line Eastbound,2023-11,405,,F Line,Eastbound,5amto9am,5,,,,
10,2023,F Line Eastbound,2023-10,396,,F Line,Eastbound,5amto9am,5,,,,
9,2023,F Line Eastbound,2023-09,356,,F Line,Eastbound,5amto9am,5,,,,
8,2023,F Line Eastbound,2023-08,382,,F Line,Eastbound,5amto9am,5,,,,
7,2023,F Line Eastbound,2023-07,396,,F Line,Eastbound,5amto9am,5,,,,
6,2023,F Line Eastbound,2023-06,396,,F Line,Eastbound,5amto9am,5,,,,
5,2023,F Line Eastbound,2023-05,401,,F Line,Eastbound,5amto9am,5,,,,
4,2023,F Line Eastbound,2023-04,388,,F Line,Eastbound,5amto9am,5,,,,
3,2023,F Line Eastbound,2023-03,385,,F Line,Eastbound,5amto9am,5,,,,
2,2023,F Line Eastbound,2023-02,400,,F Line,Eastbound,5amto9am,5,,,,
1,2023,F Line Eastbound,2023-01,375,,F Line,Eastbound,5amto9am,5,,,,
12,2022,F Line Eastbound,2022-12,329,,F Line,Eastbound,5amto9am,5,,,,
11,2022,F Line Eastbound,2022-11,377,,F Line,Eastbound,5amto9am,5,,,,
10,2022,F Line Eastbound,2022-10,389,,F Line,Eastbound,5amto9am,5,,,,
9,2022,F Line Eastbound,2022-09,407,,F Line,Eastbound,5amto9am,5,,,,
8,2022,F Line Eastbound,2022-08,349,,F Line,Eastbound,5amto9am,5,,,,
7,2022,F Line Eastbound,2022-07,355,,F Line,Eastbound,5amto9am,5,,,,
6,2022,F Line Eastbound,2022-06,378,,F Line,Eastbound,5amto9am,5,,,,
5,2022,F Line Eastbound,2022-05,363,,F Line,Eastbound,5amto9am,5,,,,
4,2022,F Line Eastbound,2022-04,357,,F Line,Eastbound,5amto9am,5,,,,
3,2022,F Line Eastbound,2022-03,330,,F Line,Eastbound,5amto9am,5,,,,
2,2022,F Line Eastbound,2022-02,319,,F Line,Eastbound,5amto9am,5,,,,
1,2022,F Line Eastbound,2022-01,307,,F Line,Eastbound,5amto9am,5,,,,
12,2021,F Line Eastbound,2021-12,286,,F Line,Eastbound,5amto9am,5,,,,
11,2021,F Line Eastbound,2021-11,315,,F Line,Eastbound,5amto9am,5,,,,
10,2021,F Line Eastbound,2021-10,322,,F Line,Eastbound,5amto9am,5,,,,
9,2021,F Line Eastbound,2021-09,331,,F Line,Eastbound,5amto9am,5,,,,
8,2021,F Line Eastbound,2021-08,297,,F Line,Eastbound,5amto9am,5,,,,
7,2021,F Line Eastbound,2021-07,301,,F Line,Eastbound,5amto9am,5,,,,
6,2021,F Line Eastbound,2021-06,296,,F Line,Eastbound,5amto9am,5,,,,
5,2021,F Line Eastbound,2021-05,279,,F Line,Eastbound,5amto9am,5,,,,
4,2021,F Line Eastbound,2021-04,268,,F Line,Eastbound,5amto9am,5,,,,
3,2021,F Line Eastbound,2021-03,266,,F Line,Eastbound,5amto9am,5,,,,
2,2021,F Line Eastbound,2021-02,248,,F Line,Eastbound,5amto9am,5,,,,
1,2021,F Line Eastbound,2021-01,257,,F Line,Eastbound,5amto9am,5,,,,
12,2020,F Line Eastbound,2020-12,250,,F Line,Eastbound,5amto9am,5,,,,
11,2020,F Line Eastbound,2020-11,270,,F Line,Eastbound,5amto9am,5,,,,
10,2020,F Line Eastbound,2020-10,277,,F Line,Eastbound,5amto9am,5,,,,
9,2020,F Line Eastbound,2020-09,287,,F Line,Eastbound,5amto9am,5,,,,
8,2020,F Line Eastbound,2020-08,270,,F Line,Eastbound,5amto9am,5,,,,
7,2020,F Line Eastbound,2020-07,258,,F Line,Eastbound,5amto9am,5,,,,
6,2020,F Line Eastbound,2020-06,240,,F Line,Eastbound,5amto9am,5,,,,
5,2020,F Line Eastbound,2020-05,202,,F Line,Eastbound,5amto9am,5,,,,
4,2020,F Line Eastbound,2020-04,204,,F Line,Eastbound,5amto9am,5,,,,
3,2020,F Line Eastbound,2020-03,351,,F Line,Eastbound,5amto9am,5,,,,
2,2020,F Line Eastbound,2020-02,519,,F Line,Eastbound,5amto9am,5,,,,
1,2020,F Line Eastbound,2020-01,533,,F Line,Eastbound,5amto9am,5,,,,
12,2019,F Line Eastbound,2019-12,491,,F Line,Eastbound,5amto9am,5,,,,
11,2019,F Line Eastbound,2019-11,540,,F Line,Eastbound,5amto9am,5,,,,
10,2019,F Line Eastbound,2019-10,554,,F Line,Eastbound,5amto9am,5,,,,
9,2019,F Line Eastbound,2019-09,559,,F Line,Eastbound,5amto9am,5,,,,
8,2019,F Line Eastbound,2019-08,585,,F Line,Eastbound,5amto9am,5,,,,
7,2019,F Line Eastbound,2019-07,583,,F Line,Eastbound,5amto9am,5,,,,
6,2019,F Line Eastbound,2019-06,594,,F Line,Eastbound,5amto9am,5,,,,
5,2024,F Line Westbound,2024-05,408,,F Line,Westbound,5amto9am,5,,,,
4,2024,F Line Westbound,2024-04,380,,F Line,Westbound,5amto9am,5,,,,
3,2024,F Line Westbound,2024-03,369,,F Line,Westbound,5amto9am,5,,,,
2,2024,F Line Westbound,2024-02,360,,F Line,Westbound,5amto9am,5,,,,
1,2024,F Line Westbound,2024-01,334,,F Line,Westbound,5amto9am,5,,,,
12,2023,F Line Westbound,2023-12,329,,F Line,Westbound,5amto9am,5,,,,
11,2023,F Line Westbound,2023-11,337,,F Line,Westbound,5amto9am,5,,,,
10,2023,F Line Westbound,2023-10,328,,F Line,Westbound,5amto9am,5,,,,
9,2023,F Line Westbound,2023-09,335,,F Line,Westbound,5amto9am,5,,,,
8,2023,F Line Westbound,2023-08,358,,F Line,Westbound,5amto9am,5,,,,
7,2023,F Line Westbound,2023-07,355,,F Line,Westbound,5amto9am,5,,,,
6,2023,F Line Westbound,2023-06,354,,F Line,Westbound,5amto9am,5,,,,
5,2023,F Line Westbound,2023-05,364,,F Line,Westbound,5amto9am,5,,,,
4,2023,F Line Westbound,2023-04,326,,F Line,Westbound,5amto9am,5,,,,
3,2023,F Line Westbound,2023-03,341,,F Line,Westbound,5amto9am,5,,,,
2,2023,F Line Westbound,2023-02,347,,F Line,Westbound,5amto9am,5,,,,
1,2023,F Line Westbound,2023-01,330,,F Line,Westbound,5amto9am,5,,,,
12,2022,F Line Westbound,2022-12,288,,F Line,Westbound,5amto9am,5,,,,
11,2022,F Line Westbound,2022-11,337,,F Line,Westbound,5amto9am,5,,,,
10,2022,F Line Westbound,2022-10,317,,F Line,Westbound,5amto9am,5,,,,
9,2022,F Line Westbound,2022-09,294,,F Line,Westbound,5amto9am,5,,,,
8,2022,F Line Westbound,2022-08,290,,F Line,Westbound,5amto9am,5,,,,
7,2022,F Line Westbound,2022-07,315,,F Line,Westbound,5amto9am,5,,,,
6,2022,F Line Westbound,2022-06,322,,F Line,Westbound,5amto9am,5,,,,
5,2022,F Line Westbound,2022-05,316,,F Line,Westbound,5amto9am,5,,,,
4,2022,F Line Westbound,2022-04,309,,F Line,Westbound,5amto9am,5,,,,
3,2022,F Line Westbound,2022-03,300,,F Line,Westbound,5amto9am,5,,,,
2,2022,F Line Westbound,2022-02,291,,F Line,Westbound,5amto9am,5,,,,
1,2022,F Line Westbound,2022-01,266,,F Line,Westbound,5amto9am,5,,,,
12,2021,F Line Westbound,2021-12,252,,F Line,Westbound,5amto9am,5,,,,
11,2021,F Line Westbound,2021-11,299,,F Line,Westbound,5amto9am,5,,,,
10,2021,F Line Westbound,2021-10,306,,F Line,Westbound,5amto9am,5,,,,
9,2021,F Line Westbound,2021-09,297,,F Line,Westbound,5amto9am,5,,,,
8,2021,F Line Westbound,2021-08,271,,F Line,Westbound,5amto9am,5,,,,
7,2021,F Line Westbound,2021-07,271,,F Line,Westbound,5amto9am,5,,,,
6,2021,F Line Westbound,2021-06,278,,F Line,Westbound,5amto9am,5,,,,
5,2021,F Line Westbound,2021-05,267,,F Line,Westbound,5amto9am,5,,,,
4,2021,F Line Westbound,2021-04,257,,F Line,Westbound,5amto9am,5,,,,
3,2021,F Line Westbound,2021-03,256,,F Line,Westbound,5amto9am,5,,,,
2,2021,F Line Westbound,2021-02,232,,F Line,Westbound,5amto9am,5,,,,
1,2021,F Line Westbound,2021-01,241,,F Line,Westbound,5amto9am,5,,,,
12,2020,F Line Westbound,2020-12,241,,F Line,Westbound,5amto9am,5,,,,
11,2020,F Line Westbound,2020-11,252,,F Line,Westbound,5amto9am,5,,,,
10,2020,F Line Westbound,2020-10,254,,F Line,Westbound,5amto9am,5,,,,
9,2020,F Line Westbound,2020-09,267,,F Line,Westbound,5amto9am,5,,,,
8,2020,F Line Westbound,2020-08,262,,F Line,Westbound,5amto9am,5,,,,
7,2020,F Line Westbound,2020-07,252,,F Line,Westbound,5amto9am,5,,,,
6,2020,F Line Westbound,2020-06,239,,F Line,Westbound,5amto9am,5,,,,
5,2020,F Line Westbound,2020-05,227,,F Line,Westbound,5amto9am,5,,,,
4,2020,F Line Westbound,2020-04,235,,F Line,Westbound,5amto9am,5,,,,
3,2020,F Line Westbound,2020-03,354,,F Line,Westbound,5amto9am,5,,,,
2,2020,F Line Westbound,2020-02,489,,F Line,Westbound,5amto9am,5,,,,
1,2020,F Line Westbound,2020-01,483,,F Line,Westbound,5amto9am,5,,,,
12,2019,F Line Westbound,2019-12,449,,F Line,Westbound,5amto9am,5,,,,
11,2019,F Line Westbound,2019-11,488,,F Line,Westbound,5amto9am,5,,,,
10,2019,F Line Westbound,2019-10,501,,F Line,Westbound,5amto9am,5,,,,
9,2019,F Line Westbound,2019-09,512,,F Line,Westbound,5amto9am,5,,,,
8,2019,F Line Westbound,2019-08,473,,F Line,Westbound,5amto9am,5,,,,
7,2019,F Line Westbound,2019-07,476,,F Line,Westbound,5amto9am,5,,,,
6,2019,F Line Westbound,2019-06,513,,F Line,Westbound,5amto9am,5,,,,
5,2024,H Line Northbound,2024-05,1192,187.9227053,H Line,Northbound,5amto9am,7,,,,
4,2024,H Line Northbound,2024-04,1088,162.8019324,H Line,Northbound,5amto9am,7,,,,
3,2024,H Line Northbound,2024-03,1049,153.3816425,H Line,Northbound,5amto9am,7,,,,
2,2024,H Line Northbound,2024-02,1079,160.6280193,H Line,Northbound,5amto9am,7,,,,
1,2024,H Line Northbound,2024-01,1006,142.9951691,H Line,Northbound,5amto9am,7,,,,
12,2023,H Line Northbound,2023-12,918,121.7391304,H Line,Northbound,5amto9am,7,,,,
11,2023,H Line Northbound,2023-11,1055,154.8309179,H Line,Northbound,5amto9am,7,,,,
10,2023,H Line Northbound,2023-10,1107,167.3913043,H Line,Northbound,5amto9am,7,,,,
9,2023,H Line Northbound,2023-09,1073,159.178744,H Line,Northbound,5amto9am,7,,,,
8,2023,H Line Northbound,2023-08,1015,145.1690821,H Line,Northbound,5amto9am,7,,,,
7,2023,H Line Northbound,2023-07,970,134.2995169,H Line,Northbound,5amto9am,7,,,,
6,2023,H Line Northbound,2023-06,1039,150.9661836,H Line,Northbound,5amto9am,7,,,,
5,2023,H Line Northbound,2023-05,994,140.0966184,H Line,Northbound,5amto9am,7,,,,
4,2023,H Line Northbound,2023-04,934,125.6038647,H Line,Northbound,5amto9am,7,,,,
3,2023,H Line Northbound,2023-03,414,0,H Line,Northbound,5amto9am,7,,,,
5,2024,H Line Southbound,2024-05,478,,H Line,Southbound,5amto9am,6,,,,
4,2024,H Line Southbound,2024-04,393,,H Line,Southbound,5amto9am,6,,,,
3,2024,H Line Southbound,2024-03,396,,H Line,Southbound,5amto9am,6,,,,
2,2024,H Line Southbound,2024-02,423,,H Line,Southbound,5amto9am,6,,,,
1,2024,H Line Southbound,2024-01,375,,H Line,Southbound,5amto9am,6,,,,
12,2023,H Line Southbound,2023-12,353,,H Line,Southbound,5amto9am,6,,,,
11,2023,H Line Southbound,2023-11,390,,H Line,Southbound,5amto9am,6,,,,
10,2023,H Line Southbound,2023-10,427,,H Line,Southbound,5amto9am,6,,,,
9,2023,H Line Southbound,2023-09,406,,H Line,Southbound,5amto9am,6,,,,
8,2023,H Line Southbound,2023-08,328,,H Line,Southbound,5amto9am,6,,,,
7,2023,H Line Southbound,2023-07,321,,H Line,Southbound,5amto9am,6,,,,
6,2023,H Line Southbound,2023-06,382,,H Line,Southbound,5amto9am,6,,,,
5,2023,H Line Southbound,2023-05,380,,H Line,Southbound,5amto9am,6,,,,
4,2023,H Line Southbound,2023-04,348,,H Line,Southbound,5amto9am,6,,,,
3,2023,H Line Southbound,2023-03,148,,H Line,Southbound,5amto9am,6,,,,