date,month,route,direction,directed_route,boardings,weekday_frequency,n_stops,od_total,rel_boardings_error,mean_trip_km
2024-05,2024-05,A Line,Northbound,A Line Northbound,888.0,5,26,888.0000000000002,2.56051436309946e-16,3.9451218548792277
2024-04,2024-04,A Line,Northbound,A Line Northbound,825.0,5,26,824.9999999999999,1.3780222754135276e-16,3.945121854879228
2024-03,2024-03,A Line,Northbound,A Line Northbound,783.0,5,26,783.0,0.0,3.9451218548792277
2024-02,2024-02,A Line,Northbound,A Line Northbound,816.0,5,26,816.0,0.0,3.945121854879228
2024-01,2024-01,A Line,Northbound,A Line Northbound,718.0,5,26,718.0,0.0,3.9451218548792273
2023-12,2023-12,A Line,Northbound,A Line Northbound,689.0,5,26,689.0000000000001,1.6500266723021194e-16,3.9451218548792273
2023-11,2023-11,A Line,Northbound,A Line Northbound,744.0,5,26,744.0,0.0,3.9451218548792273
2023-10,2023-10,A Line,Northbound,A Line Northbound,798.0,5,26,798.0,0.0,3.945121854879227
2023-09,2023-09,A Line,Northbound,A Line Northbound,709.0,5,26,709.0,0.0,3.9451218548792286
2023-08,2023-08,A Line,Northbound,A Line Northbound,719.0,5,26,719.0,0.0,3.9451218548792273
2023-07,2023-07,A Line,Northbound,A Line Northbound,699.0,5,26,699.0,0.0,3.945121854879227
2023-06,2023-06,A Line,Northbound,A Line Northbound,726.0,5,26,726.0,0.0,3.945121854879228
2023-05,2023-05,A Line,Northbound,A Line Northbound,741.0,5,26,741.0,0.0,3.945121854879228
2023-04,2023-04,A Line,Northbound,A Line Northbound,693.0,5,26,693.0,0.0,3.9451218548792277
2023-03,2023-03,A Line,Northbound,A Line Northbound,709.0,5,26,709.0,0.0,3.9451218548792286
2023-02,2023-02,A Line,Northbound,A Line Northbound,712.0,5,26,712.0,0.0,3.945121854879227
2023-01,2023-01,A Line,Northbound,A Line Northbound,663.0,5,26,663.0,0.0,3.9451218548792286
2022-12,2022-12,A Line,Northbound,A Line Northbound,581.0,5,26,581.0,0.0,3.945121854879227
2022-11,2022-11,A Line,Northbound,A Line Northbound,648.0,5,26,648.0,0.0,3.945121854879229
2022-10,2022-10,A Line,Northbound,A Line Northbound,713.0,5,26,713.0,0.0,3.9451218548792277
2022-09,2022-09,A Line,Northbound,A Line Northbound,707.0,5,26,706.9999999999999,1.6080175066706653e-16,3.945121854879228
2022-08,2022-08,A Line,Northbound,A Line Northbound,636.0,5,26,636.0,0.0,3.945121854879228
2022-07,2022-07,A Line,Northbound,A Line Northbound,633.0,5,26,633.0000000000001,1.7960005959181047e-16,3.945121854879227
2022-06,2022-06,A Line,Northbound,A Line Northbound,625.0,5,26,625.0000000000001,1.8189894035458566e-16,3.9451218548792277
2022-05,2022-05,A Line,Northbound,A Line Northbound,637.0,5,26,637.0000000000001,1.7847227271839252e-16,3.945121854879228
2022-04,2022-04,A Line,Northbound,A Line Northbound,625.0,5,26,625.0000000000001,1.8189894035458566e-16,3.9451218548792277
2022-03,2022-03,A Line,Northbound,A Line Northbound,611.0,5,26,611.0000000000001,1.8606683751491986e-16,3.9451218548792277
2022-02,2022-02,A Line,Northbound,A Line Northbound,576.0,5,26,576.0000000000001,1.9737298215558337e-16,3.9451218548792277
2022-01,2022-01,A Line,Northbound,A Line Northbound,555.0,5,26,555.0,0.0,3.945121854879228
2021-12,2021-12,A Line,Northbound,A Line Northbound,517.0,5,26,517.0,0.0,3.945121854879228
2021-11,2021-11,A Line,Northbound,A Line Northbound,578.0,5,26,578.0,0.0,3.945121854879228
2021-10,2021-10,A Line,Northbound,A Line Northbound,604.0,5,26,604.0000000000001,1.882232412609537e-16,3.9451218548792277
2021-09,2021-09,A Line,Northbound,A Line Northbound,632.0,5,26,632.0,0.0,3.945121854879228
2021-08,2021-08,A Line,Northbound,A Line Northbound,556.0,5,26,556.0,0.0,3.9451218548792273
2021-07,2021-07,A Line,Northbound,A Line Northbound,537.0,5,26,537.0,0.0,3.9451218548792277
2021-06,2021-06,A Line,Northbound,A Line Northbound,522.0,5,26,522.0000000000001,2.1779087686133338e-16,3.9451218548792277
2021-05,2021-05,A Line,Northbound,A Line Northbound,511.0,5,26,510.99999999999994,1.1123956724228574e-16,3.945121854879228
2021-04,2021-04,A Line,Northbound,A Line Northbound,496.0,5,26,496.0,0.0,3.9451218548792273
2021-03,2021-03,A Line,Northbound,A Line Northbound,486.0,5,26,486.0,0.0,3.9451218548792277
2021-02,2021-02,A Line,Northbound,A Line Northbound,475.0,5,26,474.99999999999994,1.1967035549643792e-16,3.9451218548792277
2021-01,2021-01,A Line,Northbound,A Line Northbound,461.0,5,26,461.0,0.0,3.9451218548792273
2020-12,2020-12,A Line,Northbound,A Line Northbound,474.0,5,26,473.9999999999999,2.3984564920172156e-16,3.945121854879228
2020-11,2020-11,A Line,Northbound,A Line Northbound,474.0,5,26,473.9999999999999,2.3984564920172156e-16,3.945121854879228
2020-10,2020-10,A Line,Northbound,A Line Northbound,490.0,5,26,489.99999999999994,1.1600697726695514e-16,3.945121854879228
2020-09,2020-09,A Line,Northbound,A Line Northbound,513.0,5,26,513.0,0.0,3.945121854879227
2020-08,2020-08,A Line,Northbound,A Line Northbound,493.0,5,26,493.0,0.0,3.9451218548792273
2020-07,2020-07,A Line,Northbound,A Line Northbound,485.0,5,26,484.99999999999994,1.172029254862021e-16,3.9451218548792277
2020-06,2020-06,A Line,Northbound,A Line Northbound,464.0,5,26,464.0,0.0,3.9451218548792277
2020-05,2020-05,A Line,Northbound,A Line Northbound,416.0,5,26,415.99999999999994,1.3664283380001927e-16,3.9451218548792277
2020-04,2020-04,A Line,Northbound,A Line Northbound,371.0,5,26,371.0,0.0,3.945121854879227
2020-03,2020-03,A Line,Northbound,A Line Northbound,676.0,5,26,676.0000000000001,1.6817579544617755e-16,3.9451218548792277
2020-02,2020-02,A Line,Northbound,A Line Northbound,950.0,5,26,949.9999999999999,1.1967035549643792e-16,3.9451218548792277
2020-01,2020-01,A Line,Northbound,A Line Northbound,926.0,5,26,926.0,0.0,3.9451218548792277
2019-12,2019-12,A Line,Northbound,A Line Northbound,830.0,5,26,830.0,0.0,3.945121854879227
2019-11,2019-11,A Line,Northbound,A Line Northbound,951.0,5,26,951.0,0.0,3.9451218548792273
2019-10,2019-10,A Line,Northbound,A Line Northbound,1007.0,5,26,1007.0,0.0,3.9451218548792277
2019-09,2019-09,A Line,Northbound,A Line Northbound,1022.0,5,26,1021.9999999999999,1.1123956724228574e-16,3.945121854879228
2019-08,2019-08,A Line,Northbound,A Line Northbound,966.0,5,26,966.0,0.0,3.9451218548792273
2019-07,2019-07,A Line,Northbound,A Line Northbound,1000.0,5,26,1000.0,0.0,3.9451218548792277
2019-06,2019-06,A Line,Northbound,A Line Northbound,983.0,5,26,983.0,0.0,3.9451218548792273
2024-05,2024-05,A Line,Southbound,A Line Southbound,686.0,5,25,686.0,0.0,3.9235463102929287
2024-04,2024-04,A Line,Southbound,A Line Southbound,650.0,5,25,650.0,0.0,3.923546310292928
2024-03,2024-03,A Line,Southbound,A Line Southbound,606.0,5,25,606.0,0.0,3.9235463102929273
2024-02,2024-02,A Line,Southbound,A Line Southbound,609.0,5,25,609.0,0.0,3.923546310292928
2024-01,2024-01,A Line,Southbound,A Line Southbound,523.0,5,25,523.0,0.0,3.9235463102929278
2023-12,2023-12,A Line,Southbound,A Line Southbound,524.0,5,25,524.0,0.0,3.9235463102929287
2023-11,2023-11,A Line,Southbound,A Line Southbound,573.0,5,25,572.9999999999999,1.9840634855430372e-16,3.923546310292928
2023-10,2023-10,A Line,Southbound,A Line Southbound,613.0,5,25,613.0,0.0,3.9235463102929278
2023-09,2023-09,A Line,Southbound,A Line Southbound,536.0,5,25,536.0,0.0,3.9235463102929278
2023-08,2023-08,A Line,Southbound,A Line Southbound,531.0,5,25,531.0,0.0,3.9235463102929287
2023-07,2023-07,A Line,Southbound,A Line Southbound,513.0,5,25,513.0,0.0,3.9235463102929278
2023-06,2023-06,A Line,Southbound,A Line Southbound,559.0,5,25,559.0,0.0,3.9235463102929278
2023-05,2023-05,A Line,Southbound,A Line Southbound,598.0,5,25,598.0,0.0,3.9235463102929278
2023-04,2023-04,A Line,Southbound,A Line Southbound,494.0,5,25,494.0,0.0,3.923546310292928
2023-03,2023-03,A Line,Southbound,A Line Southbound,523.0,5,25,523.0,0.0,3.9235463102929278
2023-02,2023-02,A Line,Southbound,A Line Southbound,528.0,5,25,528.0,0.0,3.9235463102929278
2023-01,2023-01,A Line,Southbound,A Line Southbound,487.0,5,25,487.0,0.0,3.923546310292928
2022-12,2022-12,A Line,Southbound,A Line Southbound,417.0,5,25,417.0,0.0,3.9235463102929278
2022-11,2022-11,A Line,Southbound,A Line Southbound,474.0,5,25,474.0,0.0,3.923546310292928
2022-10,2022-10,A Line,Southbound,A Line Southbound,526.0,5,25,526.0000000000001,2.161346724745552e-16,3.9235463102929278
2022-09,2022-09,A Line,Southbound,A Line Southbound,518.0,5,25,518.0,0.0,3.9235463102929278
2022-08,2022-08,A Line,Southbound,A Line Southbound,450.0,5,25,450.0,0.0,3.9235463102929287
2022-07,2022-07,A Line,Southbound,A Line Southbound,463.0,5,25,463.0,0.0,3.9235463102929287
2022-06,2022-06,A Line,Southbound,A Line Southbound,484.0,5,25,484.0,0.0,3.9235463102929278
2022-05,2022-05,A Line,Southbound,A Line Southbound,504.0,5,25,504.0,0.0,3.9235463102929278
2022-04,2022-04,A Line,Southbound,A Line Southbound,479.0,5,25,479.00000000000006,1.1867102058623802e-16,3.9235463102929278
2022-03,2022-03,A Line,Southbound,A Line Southbound,493.0,5,25,493.0,0.0,3.9235463102929287
2022-02,2022-02,A Line,Southbound,A Line Southbound,460.0,5,25,460.0,0.0,3.923546310292928
2022-01,2022-01,A Line,Southbound,A Line Southbound,420.0,5,25,420.0,0.0,3.9235463102929278
2021-12,2021-12,A Line,Southbound,A Line Southbound,413.0,5,25,413.0,0.0,3.923546310292928
2021-11,2021-11,A Line,Southbound,A Line Southbound,460.0,5,25,460.0,0.0,3.923546310292928
2021-10,2021-10,A Line,Southbound,A Line Southbound,486.0,5,25,486.0,0.0,3.923546310292928
2021-09,2021-09,A Line,Southbound,A Line Southbound,506.0,5,25,505.99999999999994,1.1233877245218975e-16,3.923546310292928
2021-08,2021-08,A Line,Southbound,A Line Southbound,413.0,5,25,413.0,0.0,3.923546310292928
2021-07,2021-07,A Line,Southbound,A Line Southbound,408.0,5,25,407.99999999999994,1.3932210505100003e-16,3.923546310292928
2021-06,2021-06,A Line,Southbound,A Line Southbound,409.0,5,25,409.0,0.0,3.9235463102929278
2021-05,2021-05,A Line,Southbound,A Line Southbound,405.0,5,25,405.0,0.0,3.923546310292928
2021-04,2021-04,A Line,Southbound,A Line Southbound,392.0,5,25,392.00000000000006,1.450087215836939e-16,3.923546310292928
2021-03,2021-03,A Line,Southbound,A Line Southbound,388.0,5,25,388.0,0.0,3.9235463102929278
2021-02,2021-02,A Line,Southbound,A Line Southbound,358.0,5,25,358.0,0.0,3.923546310292928
2021-01,2021-01,A Line,Southbound,A Line Southbound,367.0,5,25,367.0,0.0,3.923546310292928
2020-12,2020-12,A Line,Southbound,A Line Southbound,368.0,5,25,368.0,0.0,3.9235463102929278
2020-11,2020-11,A Line,Southbound,A Line Southbound,376.0,5,25,376.0,0.0,3.9235463102929273
2020-10,2020-10,A Line,Southbound,A Line Southbound,395.0,5,25,395.0,0.0,3.923546310292929
2020-09,2020-09,A Line,Southbound,A Line Southbound,402.0,5,25,402.0,0.0,3.9235463102929278
2020-08,2020-08,A Line,Southbound,A Line Southbound,378.0,5,25,378.0,0.0,3.9235463102929278
2020-07,2020-07,A Line,Southbound,A Line Southbound,367.0,5,25,367.0,0.0,3.923546310292928
2020-06,2020-06,A Line,Southbound,A Line Southbound,375.0,5,25,374.99999999999994,1.5158245029548803e-16,3.9235463102929278
2020-05,2020-05,A Line,Southbound,A Line Southbound,341.0,5,25,341.0,0.0,3.923546310292928
2020-04,2020-04,A Line,Southbound,A Line Southbound,323.0,5,25,323.0,0.0,3.9235463102929287
2020-03,2020-03,A Line,Southbound,A Line Southbound,492.0,5,25,492.0,0.0,3.9235463102929278
2020-02,2020-02,A Line,Southbound,A Line Southbound,624.0,5,25,624.0,0.0,3.9235463102929273
2020-01,2020-01,A Line,Southbound,A Line Southbound,613.0,5,25,613.0,0.0,3.9235463102929278
2019-12,2019-12,A Line,Southbound,A Line Southbound,556.0,5,25,556.0,0.0,3.9235463102929278
2019-11,2019-11,A Line,Southbound,A Line Southbound,615.0,5,25,615.0,0.0,3.9235463102929296
2019-10,2019-10,A Line,Southbound,A Line Southbound,643.0,5,25,643.0,0.0,3.9235463102929278
2019-09,2019-09,A Line,Southbound,A Line Southbound,606.0,5,25,606.0,0.0,3.9235463102929273
2019-08,2019-08,A Line,Southbound,A Line Southbound,524.0,5,25,524.0,0.0,3.9235463102929287
2019-07,2019-07,A Line,Southbound,A Line Southbound,533.0,5,25,533.0,0.0,3.923546310292928
2019-06,2019-06,A Line,Southbound,A Line Southbound,616.0,5,25,616.0,0.0,3.923546310292928
2024-05,2024-05,B Line,Eastbound,B Line Eastbound,343.0,6,25,343.0,0.0,2.6704494808145145
2024-04,2024-04,B Line,Eastbound,B Line Eastbound,378.0,6,25,377.99999999999994,1.5037941497568257e-16,2.670449480814515
2024-03,2024-03,B Line,Eastbound,B Line Eastbound,343.0,6,25,343.0,0.0,2.6704494808145145
2024-02,2024-02,B Line,Eastbound,B Line Eastbound,326.0,6,25,326.0,0.0,2.6704494808145145
2024-01,2024-01,B Line,Eastbound,B Line Eastbound,316.0,6,25,316.0,0.0,2.6704494808145145
2023-12,2023-12,B Line,Eastbound,B Line Eastbound,281.0,6,25,281.0,0.0,2.6704494808145145
2023-11,2023-11,B Line,Eastbound,B Line Eastbound,333.0,6,25,333.0,0.0,2.6704494808145145
2023-10,2023-10,B Line,Eastbound,B Line Eastbound,345.0,6,25,345.00000000000006,1.647635329298783e-16,2.670449480814515
2023-09,2023-09,B Line,Eastbound,B Line Eastbound,353.0,6,25,353.0,0.0,2.6704494808145145
2023-08,2023-08,B Line,Eastbound,B Line Eastbound,342.0,6,25,342.00000000000006,1.66208827078386e-16,2.6704494808145145
2023-07,2023-07,B Line,Eastbound,B Line Eastbound,352.0,6,25,352.0,0.0,2.6704494808145145
2023-06,2023-06,B Line,Eastbound,B Line Eastbound,388.0,6,25,388.0,0.0,2.670449480814515
2023-05,2023-05,B Line,Eastbound,B Line Eastbound,338.0,6,25,338.0,0.0,2.6704494808145145
2023-04,2023-04,B Line,Eastbound,B Line Eastbound,295.0,6,25,295.0,0.0,2.6704494808145145
2023-03,2023-03,B Line,Eastbound,B Line Eastbound,294.0,6,25,293.99999999999994,1.9334496211159188e-16,2.670449480814515
2023-02,2023-02,B Line,Eastbound,B Line Eastbound,270.0,6,25,270.0,0.0,2.670449480814515
2023-01,2023-01,B Line,Eastbound,B Line Eastbound,275.0,6,25,275.0,0.0,2.6704494808145145
2022-12,2022-12,B Line,Eastbound,B Line Eastbound,231.0,6,25,231.0,0.0,2.6704494808145145
2022-11,2022-11,B Line,Eastbound,B Line Eastbound,285.0,6,25,285.0,0.0,2.670449480814515
2022-10,2022-10,B Line,Eastbound,B Line Eastbound,302.0,6,25,302.0,0.0,2.6704494808145145
2022-09,2022-09,B Line,Eastbound,B Line Eastbound,329.0,6,25,329.0,0.0,2.6704494808145145
2022-08,2022-08,B Line,Eastbound,B Line Eastbound,319.0,6,25,319.0,0.0,2.670449480814515
2022-07,2022-07,B Line,Eastbound,B Line Eastbound,311.0,6,25,311.0,0.0,2.6704494808145145
2022-06,2022-06,B Line,Eastbound,B Line Eastbound,323.0,6,25,323.0,0.0,2.670449480814515
2022-05,2022-05,B Line,Eastbound,B Line Eastbound,276.0,6,25,276.00000000000006,2.0595441616234788e-16,2.6704494808145145
2022-04,2022-04,B Line,Eastbound,B Line Eastbound,268.0,6,25,268.0,0.0,2.670449480814515
2022-03,2022-03,B Line,Eastbound,B Line Eastbound,260.0,6,25,260.0,0.0,2.6704494808145145
2022-02,2022-02,B Line,Eastbound,B Line Eastbound,212.0,6,25,212.0,0.0,2.6704494808145145
2022-01,2022-01,B Line,Eastbound,B Line Eastbound,211.0,6,25,211.0,0.0,2.6704494808145145
2021-12,2021-12,B Line,Eastbound,B Line Eastbound,192.0,6,25,192.0,0.0,2.6704494808145145
2021-11,2021-11,B Line,Eastbound,B Line Eastbound,213.0,6,25,213.0,0.0,2.6704494808145145
2021-10,2021-10,B Line,Eastbound,B Line Eastbound,230.0,6,25,229.99999999999997,1.2357264969740873e-16,2.6704494808145154
2021-09,2021-09,B Line,Eastbound,B Line Eastbound,247.0,6,25,247.0,0.0,2.670449480814515
2021-08,2021-08,B Line,Eastbound,B Line Eastbound,234.0,6,25,234.0,0.0,2.6704494808145145
2021-07,2021-07,B Line,Eastbound,B Line Eastbound,226.0,6,25,226.00000000000006,2.515195524814514e-16,2.670449480814514
2021-06,2021-06,B Line,Eastbound,B Line Eastbound,209.0,6,25,209.0,0.0,2.670449480814515
2021-05,2021-05,B Line,Eastbound,B Line Eastbound,201.0,6,25,201.0,0.0,2.6704494808145145
2021-04,2021-04,B Line,Eastbound,B Line Eastbound,179.0,6,25,179.0,0.0,2.6704494808145145
2021-03,2021-03,B Line,Eastbound,B Line Eastbound,188.0,6,25,188.0,0.0,2.6704494808145145
2021-02,2021-02,B Line,Eastbound,B Line Eastbound,175.0,6,25,174.99999999999997,1.6240976817373719e-16,2.670449480814515
2021-01,2021-01,B Line,Eastbound,B Line Eastbound,160.0,6,25,160.00000000000003,1.7763568394002506e-16,2.670449480814515
2020-12,2020-12,B Line,Eastbound,B Line Eastbound,168.0,6,25,168.0,0.0,2.670449480814514
2020-11,2020-11,B Line,Eastbound,B Line Eastbound,180.0,6,25,179.99999999999997,1.5789838572446671e-16,2.670449480814515
2020-10,2020-10,B Line,Eastbound,B Line Eastbound,187.0,6,25,186.99999999999997,1.519877509647273e-16,2.670449480814515
2020-09,2020-09,B Line,Eastbound,B Line Eastbound,195.0,6,25,195.0,0.0,2.670449480814514
2020-08,2020-08,B Line,Eastbound,B Line Eastbound,198.0,6,25,198.0,0.0,2.670449480814514
2020-07,2020-07,B Line,Eastbound,B Line Eastbound,200.0,6,25,200.0,0.0,2.670449480814515
2020-06,2020-06,B Line,Eastbound,B Line Eastbound,195.0,6,25,195.0,0.0,2.670449480814514
2020-05,2020-05,B Line,Eastbound,B Line Eastbound,160.0,6,25,160.00000000000003,1.7763568394002506e-16,2.670449480814515
2020-04,2020-04,B Line,Eastbound,B Line Eastbound,136.0,6,25,136.0,0.0,2.670449480814515
2020-03,2020-03,B Line,Eastbound,B Line Eastbound,267.0,6,25,267.0,0.0,2.6704494808145145
2020-02,2020-02,B Line,Eastbound,B Line Eastbound,535.0,6,25,534.9999999999999,2.1249876209647857e-16,2.6704494808145145
2020-01,2020-01,B Line,Eastbound,B Line Eastbound,505.0,6,25,504.99999999999994,1.1256122546694657e-16,2.6704494808145145
2019-12,2019-12,B Line,Eastbound,B Line Eastbound,500.0,6,25,500.0,0.0,2.6704494808145145
2019-11,2019-11,B Line,Eastbound,B Line Eastbound,562.0,6,25,562.0,0.0,2.6704494808145145
2019-10,2019-10,B Line,Eastbound,B Line Eastbound,589.0,6,25,589.0,0.0,2.670449480814514
2019-09,2019-09,B Line,Eastbound,B Line Eastbound,590.0,6,25,590.0,0.0,2.6704494808145145
2019-08,2019-08,B Line,Eastbound,B Line Eastbound,545.0,6,25,545.0,0.0,2.6704494808145145
2019-07,2019-07,B Line,Eastbound,B Line Eastbound,566.0,6,25,565.9999999999999,2.008601373173428e-16,2.670449480814514
2019-06,2019-06,B Line,Eastbound,B Line Eastbound,573.0,6,25,572.9999999999999,1.9840634855430372e-16,2.6704494808145145
2024-05,2024-05,B Line,Westbound,B Line Westbound,537.0,5,24,537.0,0.0,2.6654701150547
2024-04,2024-04,B Line,Westbound,B Line Westbound,550.0,5,24,550.0000000000002,4.134066826240583e-16,2.6654701150546996
2024-03,2024-03,B Line,Westbound,B Line Westbound,540.0,5,24,540.0,0.0,2.6654701150547004
2024-02,2024-02,B Line,Westbound,B Line Westbound,511.0,5,24,511.00000000000006,1.1123956724228574e-16,2.6654701150547
2024-01,2024-01,B Line,Westbound,B Line Westbound,520.0,5,24,520.0,0.0,2.6654701150547
2023-12,2023-12,B Line,Westbound,B Line Westbound,427.0,5,24,427.0,0.0,2.6654701150547004
2023-11,2023-11,B Line,Westbound,B Line Westbound,511.0,5,24,511.00000000000006,1.1123956724228574e-16,2.6654701150547
2023-10,2023-10,B Line,Westbound,B Line Westbound,554.0,5,24,553.9999999999999,2.0521089841446938e-16,2.6654701150547
2023-09,2023-09,B Line,Westbound,B Line Westbound,525.0,5,24,525.0,0.0,2.6654701150547
2023-08,2023-08,B Line,Westbound,B Line Westbound,509.0,5,24,509.00000000000006,1.1167665787977998e-16,2.6654701150547
2023-07,2023-07,B Line,Westbound,B Line Westbound,526.0,5,24,526.0,0.0,2.6654701150546996
2023-06,2023-06,B Line,Westbound,B Line Westbound,543.0,5,24,543.0,0.0,2.6654701150547004
2023-05,2023-05,B Line,Westbound,B Line Westbound,479.0,5,24,479.0,0.0,2.6654701150547
2023-04,2023-04,B Line,Westbound,B Line Westbound,415.0,5,24,415.0,0.0,2.6654701150547
2023-03,2023-03,B Line,Westbound,B Line Westbound,410.0,5,24,410.00000000000006,1.38642485026361e-16,2.6654701150547
2023-02,2023-02,B Line,Westbound,B Line Westbound,405.0,5,24,405.0,0.0,2.6654701150547
2023-01,2023-01,B Line,Westbound,B Line Westbound,393.0,5,24,393.0,0.0,2.6654701150547
2022-12,2022-12,B Line,Westbound,B Line Westbound,317.0,5,24,316.9999999999999,3.5863355748143857e-16,2.665470115054701
2022-11,2022-11,B Line,Westbound,B Line Westbound,394.0,5,24,394.0,0.0,2.6654701150547004
2022-10,2022-10,B Line,Westbound,B Line Westbound,410.0,5,24,410.00000000000006,1.38642485026361e-16,2.6654701150547
2022-09,2022-09,B Line,Westbound,B Line Westbound,408.0,5,24,408.0,0.0,2.6654701150547
2022-08,2022-08,B Line,Westbound,B Line Westbound,393.0,5,24,393.0,0.0,2.6654701150547
2022-07,2022-07,B Line,Westbound,B Line Westbound,382.0,5,24,382.0,0.0,2.6654701150547
2022-06,2022-06,B Line,Westbound,B Line Westbound,392.0,5,24,392.0,0.0,2.6654701150547
2022-05,2022-05,B Line,Westbound,B Line Westbound,356.0,5,24,356.0,0.0,2.6654701150547004
2022-04,2022-04,B Line,Westbound,B Line Westbound,326.0,5,24,326.0,0.0,2.6654701150546996
2022-03,2022-03,B Line,Westbound,B Line Westbound,302.0,5,24,302.0,0.0,2.6654701150546996
2022-02,2022-02,B Line,Westbound,B Line Westbound,239.0,5,24,239.0,0.0,2.6654701150547
2022-01,2022-01,B Line,Westbound,B Line Westbound,242.0,5,24,242.0,0.0,2.6654701150547
2021-12,2021-12,B Line,Westbound,B Line Westbound,241.0,5,24,241.0,0.0,2.6654701150547004
2021-11,2021-11,B Line,Westbound,B Line Westbound,286.0,5,24,285.99999999999994,1.9875321280002802e-16,2.6654701150546996
2021-10,2021-10,B Line,Westbound,B Line Westbound,293.0,5,24,293.0,0.0,2.6654701150547
2021-09,2021-09,B Line,Westbound,B Line Westbound,277.0,5,24,276.99999999999994,2.0521089841446938e-16,2.6654701150547
2021-08,2021-08,B Line,Westbound,B Line Westbound,252.0,5,24,251.99999999999997,1.1278456123176193e-16,2.6654701150547
2021-07,2021-07,B Line,Westbound,B Line Westbound,249.0,5,24,249.00000000000003,1.1414341136708436e-16,2.6654701150547
2021-06,2021-06,B Line,Westbound,B Line Westbound,235.0,5,24,235.0,0.0,2.6654701150547004
2021-05,2021-05,B Line,Westbound,B Line Westbound,217.0,5,24,217.0,0.0,2.6654701150547004
2021-04,2021-04,B Line,Westbound,B Line Westbound,197.0,5,24,197.0,0.0,2.6654701150547004
2021-03,2021-03,B Line,Westbound,B Line Westbound,204.0,5,24,204.0,0.0,2.6654701150547
2021-02,2021-02,B Line,Westbound,B Line Westbound,195.0,5,24,195.0,0.0,2.6654701150547
2021-01,2021-01,B Line,Westbound,B Line Westbound,187.0,5,24,187.0,0.0,2.6654701150547004
2020-12,2020-12,B Line,Westbound,B Line Westbound,181.0,5,24,181.00000000000003,1.5702601895250832e-16,2.6654701150546996
2020-11,2020-11,B Line,Westbound,B Line Westbound,203.0,5,24,203.0,0.0,2.6654701150547
2020-10,2020-10,B Line,Westbound,B Line Westbound,214.0,5,24,214.0,0.0,2.6654701150547
2020-09,2020-09,B Line,Westbound,B Line Westbound,207.0,5,24,207.0,0.0,2.6654701150547004
2020-08,2020-08,B Line,Westbound,B Line Westbound,212.0,5,24,212.00000000000003,1.340646671245472e-16,2.6654701150547
2020-07,2020-07,B Line,Westbound,B Line Westbound,205.0,5,24,205.00000000000003,1.38642485026361e-16,2.6654701150547
2020-06,2020-06,B Line,Westbound,B Line Westbound,191.0,5,24,191.0,0.0,2.6654701150547
2020-05,2020-05,B Line,Westbound,B Line Westbound,156.0,5,24,155.99999999999997,1.8219044506669235e-16,2.6654701150547
2020-04,2020-04,B Line,Westbound,B Line Westbound,111.0,5,24,111.0,0.0,2.6654701150547004
2020-03,2020-03,B Line,Westbound,B Line Westbound,284.0,5,24,284.0,0.0,2.6654701150547
2020-02,2020-02,B Line,Westbound,B Line Westbound,836.0,5,24,836.0,0.0,2.6654701150547
2020-01,2020-01,B Line,Westbound,B Line Westbound,748.0,5,24,748.0,0.0,2.6654701150547004
2019-12,2019-12,B Line,Westbound,B Line Westbound,691.0,5,24,691.0,0.0,2.6654701150547
2019-11,2019-11,B Line,Westbound,B Line Westbound,890.0,5,24,890.0,0.0,2.6654701150547
2019-10,2019-10,B Line,Westbound,B Line Westbound,889.0,5,24,888.9999999999998,2.5576341444683024e-16,2.6654701150547004
2019-09,2019-09,B Line,Westbound,B Line Westbound,950.0,5,24,950.0,0.0,2.6654701150547
2019-08,2019-08,B Line,Westbound,B Line Westbound,956.0,5,24,956.0,0.0,2.6654701150547
2019-07,2019-07,B Line,Westbound,B Line Westbound,944.0,5,24,944.0,0.0,2.6654701150547
2019-06,2019-06,B Line,Westbound,B Line Westbound,977.0,5,24,977.0,0.0,2.6654701150547
2024-05,2024-05,C Line,Northbound,C Line Northbound,1400.0,7,27,1400.0,0.0,3.7546591314535247
2024-04,2024-04,C Line,Northbound,C Line Northbound,1422.0,7,27,1422.0000000000002,1.598970994678144e-16,3.7546591314535247
2024-03,2024-03,C Line,Northbound,C Line Northbound,1373.0,7,27,1373.0,0.0,3.7546591314535247
2024-02,2024-02,C Line,Northbound,C Line Northbound,1351.0,7,27,1351.0,0.0,3.7546591314535243
2024-01,2024-01,C Line,Northbound,C Line Northbound,1301.0,7,27,1301.0,0.0,3.7546591314535247
2023-12,2023-12,C Line,Northbound,C Line Northbound,1148.0,7,27,1148.0000000000002,1.9806069289480145e-16,3.7546591314535243
2023-11,2023-11,C Line,Northbound,C Line Northbound,1471.0,7,27,1471.0,0.0,3.7546591314535243
2023-10,2023-10,C Line,Northbound,C Line Northbound,1459.0,7,27,1459.0,0.0,3.7546591314535247
2023-09,2023-09,C Line,Northbound,C Line Northbound,1333.0,7,27,1333.0,0.0,3.754659131453525
2023-08,2023-08,C Line,Northbound,C Line Northbound,1380.0,7,27,1379.9999999999998,1.647635329298783e-16,3.754659131453525
2023-07,2023-07,C Line,Northbound,C Line Northbound,1264.0,7,27,1264.0,0.0,3.7546591314535247
2023-06,2023-06,C Line,Northbound,C Line Northbound,1415.0,7,27,1415.0,0.0,3.754659131453524
2023-05,2023-05,C Line,Northbound,C Line Northbound,1353.0,7,27,1353.0,0.0,3.754659131453525
2023-04,2023-04,C Line,Northbound,C Line Northbound,1249.0,7,27,1248.9999999999998,1.8204457601539795e-16,3.7546591314535247
2023-03,2023-03,C Line,Northbound,C Line Northbound,1226.0,7,27,1226.0,0.0,3.7546591314535243
2023-02,2023-02,C Line,Northbound,C Line Northbound,1191.0,7,27,1191.0,0.0,3.7546591314535243
2023-01,2023-01,C Line,Northbound,C Line Northbound,1196.0,7,27,1196.0,0.0,3.7546591314535247
2022-12,2022-12,C Line,Northbound,C Line Northbound,975.0,7,27,975.0,0.0,3.7546591314535247
2022-11,2022-11,C Line,Northbound,C Line Northbound,1138.0,7,27,1138.0,0.0,3.7546591314535243
2022-10,2022-10,C Line,Northbound,C Line Northbound,1219.0,7,27,1219.0,0.0,3.7546591314535247
2022-09,2022-09,C Line,Northbound,C Line Northbound,1270.0,7,27,1270.0,0.0,3.7546591314535247
2022-08,2022-08,C Line,Northbound,C Line Northbound,1260.0,7,27,1260.0000000000002,1.804552979708191e-16,3.754659131453524
2022-07,2022-07,C Line,Northbound,C Line Northbound,1193.0,7,27,1193.0,0.0,3.7546591314535243
2022-06,2022-06,C Line,Northbound,C Line Northbound,1248.0,7,27,1248.0,0.0,3.7546591314535247
2022-05,2022-05,C Line,Northbound,C Line Northbound,1157.0,7,27,1157.0,0.0,3.7546591314535247
2022-04,2022-04,C Line,Northbound,C Line Northbound,1130.0,7,27,1130.0,0.0,3.754659131453525
2022-03,2022-03,C Line,Northbound,C Line Northbound,1155.0,7,27,1155.0,0.0,3.7546591314535247
2022-02,2022-02,C Line,Northbound,C Line Northbound,1038.0,7,27,1038.0,0.0,3.7546591314535247
2022-01,2022-01,C Line,Northbound,C Line Northbound,912.0,7,27,911.9999999999998,2.49313240617579e-16,3.754659131453525
2021-12,2021-12,C Line,Northbound,C Line Northbound,935.0,7,27,935.0,0.0,3.754659131453525
2021-11,2021-11,C Line,Northbound,C Line Northbound,1108.0,7,27,1108.0000000000002,2.0521089841446938e-16,3.7546591314535247
2021-10,2021-10,C Line,Northbound,C Line Northbound,1101.0,7,27,1101.0,0.0,3.754659131453525
2021-09,2021-09,C Line,Northbound,C Line Northbound,1027.0,7,27,1027.0,0.0,3.7546591314535247
2021-08,2021-08,C Line,Northbound,C Line Northbound,965.0,7,27,965.0,0.0,3.754659131453525
2021-07,2021-07,C Line,Northbound,C Line Northbound,956.0,7,27,956.0,0.0,3.7546591314535247
2021-06,2021-06,C Line,Northbound,C Line Northbound,835.0,7,27,835.0,0.0,3.7546591314535247
2021-05,2021-05,C Line,Northbound,C Line Northbound,726.0,7,27,726.0,0.0,3.754659131453525
2021-04,2021-04,C Line,Northbound,C Line Northbound,684.0,7,27,684.0000000000001,1.66208827078386e-16,3.754659131453525
2021-03,2021-03,C Line,Northbound,C Line Northbound,656.0,7,27,656.0,0.0,3.754659131453525
2021-02,2021-02,C Line,Northbound,C Line Northbound,641.0,7,27,641.0,0.0,3.7546591314535243
2021-01,2021-01,C Line,Northbound,C Line Northbound,614.0,7,27,614.0,0.0,3.7546591314535243
2020-12,2020-12,C Line,Northbound,C Line Northbound,574.0,7,27,574.0000000000001,1.9806069289480145e-16,3.7546591314535243
2020-11,2020-11,C Line,Northbound,C Line Northbound,663.0,7,27,662.9999999999998,3.4294672012553857e-16,3.7546591314535247
2020-10,2020-10,C Line,Northbound,C Line Northbound,681.0,7,27,681.0000000000002,3.3388204910900447e-16,3.7546591314535243
2020-09,2020-09,C Line,Northbound,C Line Northbound,678.0,7,27,678.0,0.0,3.7546591314535247
2020-08,2020-08,C Line,Northbound,C Line Northbound,659.0,7,27,659.0,0.0,3.7546591314535247
2020-07,2020-07,C Line,Northbound,C Line Northbound,635.0,7,27,635.0,0.0,3.7546591314535247
2020-06,2020-06,C Line,Northbound,C Line Northbound,577.0,7,27,577.0000000000002,3.940618291910434e-16,3.7546591314535247
2020-05,2020-05,C Line,Northbound,C Line Northbound,455.0,7,27,455.0000000000001,2.498611818057495e-16,3.754659131453524
2020-04,2020-04,C Line,Northbound,C Line Northbound,411.0,7,27,411.0,0.0,3.7546591314535247
2020-03,2020-03,C Line,Northbound,C Line Northbound,1133.0,7,27,1133.0,0.0,3.7546591314535247
2020-02,2020-02,C Line,Northbound,C Line Northbound,2905.0,7,27,2905.000000000001,3.1307907117828857e-16,3.754659131453524
2020-01,2020-01,C Line,Northbound,C Line Northbound,2873.0,7,27,2873.0,0.0,3.7546591314535247
2019-12,2019-12,C Line,Northbound,C Line Northbound,2510.0,7,27,2510.0,0.0,3.7546591314535243
2019-11,2019-11,C Line,Northbound,C Line Northbound,2898.0,7,27,2898.0,0.0,3.7546591314535247
2019-10,2019-10,C Line,Northbound,C Line Northbound,2972.0,7,27,2972.0,0.0,3.7546591314535247
2019-09,2019-09,C Line,Northbound,C Line Northbound,2801.0,7,27,2801.0,0.0,3.7546591314535243
2019-08,2019-08,C Line,Northbound,C Line Northbound,2532.0,7,27,2531.999999999999,3.5920011918362094e-16,3.7546591314535256
2019-07,2019-07,C Line,Northbound,C Line Northbound,2656.0,7,27,2655.999999999999,3.424302341012531e-16,3.754659131453525
2019-06,2019-06,C Line,Northbound,C Line Northbound,2776.0,7,27,2776.0,0.0,3.7546591314535243
2024-05,2024-05,C Line,Southbound,C Line Southbound,340.0,6,24,340.0,0.0,3.6356499951978134
2024-04,2024-04,C Line,Southbound,C Line Southbound,314.0,6,24,314.0,0.0,3.635649995197814
2024-03,2024-03,C Line,Southbound,C Line Southbound,301.0,6,24,301.0,0.0,3.635649995197814
2024-02,2024-02,C Line,Southbound,C Line Southbound,302.0,6,24,302.0,0.0,3.635649995197814
2024-01,2024-01,C Line,Southbound,C Line Southbound,276.0,6,24,276.0,0.0,3.6356499951978134
2023-12,2023-12,C Line,Southbound,C Line Southbound,274.0,6,24,274.0,0.0,3.6356499951978134
2023-11,2023-11,C Line,Southbound,C Line Southbound,302.0,6,24,302.0,0.0,3.635649995197814
2023-10,2023-10,C Line,Southbound,C Line Southbound,296.0,6,24,296.0,0.0,3.6356499951978134
2023-09,2023-09,C Line,Southbound,C Line Southbound,308.0,6,24,308.0,0.0,3.6356499951978125
2023-08,2023-08,C Line,Southbound,C Line Southbound,286.0,6,24,285.99999999999994,1.9875321280002802e-16,3.6356499951978134
2023-07,2023-07,C Line,Southbound,C Line Southbound,274.0,6,24,274.0,0.0,3.6356499951978134
2023-06,2023-06,C Line,Southbound,C Line Southbound,308.0,6,24,308.0,0.0,3.6356499951978125
2023-05,2023-05,C Line,Southbound,C Line Southbound,323.0,6,24,323.0,0.0,3.635649995197813
2023-04,2023-04,C Line,Southbound,C Line Southbound,289.0,6,24,289.0,0.0,3.6356499951978134
2023-03,2023-03,C Line,Southbound,C Line Southbound,281.0,6,24,281.0,0.0,3.6356499951978134
2023-02,2023-02,C Line,Southbound,C Line Southbound,269.0,6,24,269.0,0.0,3.6356499951978134
2023-01,2023-01,C Line,Southbound,C Line Southbound,265.0,6,24,265.0,0.0,3.635649995197814
2022-12,2022-12,C Line,Southbound,C Line Southbound,221.0,6,24,221.0,0.0,3.6356499951978134
2022-11,2022-11,C Line,Southbound,C Line Southbound,257.0,6,24,257.0,0.0,3.635649995197814
2022-10,2022-10,C Line,Southbound,C Line Southbound,264.0,6,24,264.0,0.0,3.635649995197814
2022-09,2022-09,C Line,Southbound,C Line Southbound,272.0,6,24,271.99999999999994,2.0898315757650005e-16,3.6356499951978134
2022-08,2022-08,C Line,Southbound,C Line Southbound,265.0,6,24,265.0,0.0,3.635649995197814
2022-07,2022-07,C Line,Southbound,C Line Southbound,244.0,6,24,244.00000000000003,1.1648241569837709e-16,3.635649995197814
2022-06,2022-06,C Line,Southbound,C Line Southbound,247.0,6,24,247.0,0.0,3.635649995197813
2022-05,2022-05,C Line,Southbound,C Line Southbound,249.0,6,24,249.0,0.0,3.635649995197813
2022-04,2022-04,C Line,Southbound,C Line Southbound,232.0,6,24,232.0,0.0,3.6356499951978134
2022-03,2022-03,C Line,Southbound,C Line Southbound,249.0,6,24,249.0,0.0,3.635649995197813
2022-02,2022-02,C Line,Southbound,C Line Southbound,238.0,6,24,238.0,0.0,3.635649995197814
2022-01,2022-01,C Line,Southbound,C Line Southbound,230.0,6,24,230.0,0.0,3.635649995197814
2021-12,2021-12,C Line,Southbound,C Line Southbound,206.0,6,24,206.0,0.0,3.635649995197814
2021-11,2021-11,C Line,Southbound,C Line Southbound,252.0,6,24,251.99999999999994,2.2556912246352386e-16,3.635649995197814
2021-10,2021-10,C Line,Southbound,C Line Southbound,240.0,6,24,240.0,0.0,3.6356499951978143
2021-09,2021-09,C Line,Southbound,C Line Southbound,244.0,6,24,244.00000000000003,1.1648241569837709e-16,3.635649995197814
2021-08,2021-08,C Line,Southbound,C Line Southbound,249.0,6,24,249.0,0.0,3.635649995197813
2021-07,2021-07,C Line,Southbound,C Line Southbound,232.0,6,24,232.0,0.0,3.6356499951978134
2021-06,2021-06,C Line,Southbound,C Line Southbound,232.0,6,24,232.0,0.0,3.6356499951978134
2021-05,2021-05,C Line,Southbound,C Line Southbound,226.0,6,24,226.0,0.0,3.6356499951978134
2021-04,2021-04,C Line,Southbound,C Line Southbound,205.0,6,24,205.0,0.0,3.635649995197814
2021-03,2021-03,C Line,Southbound,C Line Southbound,196.0,6,24,196.00000000000003,1.450087215836939e-16,3.635649995197813
2021-02,2021-02,C Line,Southbound,C Line Southbound,187.0,6,24,187.0,0.0,3.635649995197814
2021-01,2021-01,C Line,Southbound,C Line Southbound,177.0,6,24,177.0,0.0,3.6356499951978134
2020-12,2020-12,C Line,Southbound,C Line Southbound,181.0,6,24,181.0,0.0,3.635649995197813
2020-11,2020-11,C Line,Southbound,C Line Southbound,186.0,6,24,186.0,0.0,3.635649995197813
2020-10,2020-10,C Line,Southbound,C Line Southbound,204.0,6,24,204.0,0.0,3.635649995197814
2020-09,2020-09,C Line,Southbound,C Line Southbound,220.0,6,24,220.00000000000003,1.291895883200182e-16,3.635649995197813
2020-08,2020-08,C Line,Southbound,C Line Southbound,226.0,6,24,226.0,0.0,3.6356499951978134
2020-07,2020-07,C Line,Southbound,C Line Southbound,226.0,6,24,226.0,0.0,3.6356499951978134
2020-06,2020-06,C Line,Southbound,C Line Southbound,213.0,6,24,213.0,0.0,3.635649995197814
2020-05,2020-05,C Line,Southbound,C Line Southbound,195.0,6,24,195.00000000000003,1.4575235605335388e-16,3.635649995197813
2020-04,2020-04,C Line,Southbound,C Line Southbound,197.0,6,24,197.0,0.0,3.6356499951978134
2020-03,2020-03,C Line,Southbound,C Line Southbound,292.0,6,24,292.0,0.0,3.6356499951978134
2020-02,2020-02,C Line,Southbound,C Line Southbound,461.0,6,24,461.00000000000006,1.2330459622734928e-16,3.6356499951978134
2020-01,2020-01,C Line,Southbound,C Line Southbound,457.0,6,24,457.0,0.0,3.635649995197814
2019-12,2019-12,C Line,Southbound,C Line Southbound,409.0,6,24,409.0,0.0,3.635649995197814
2019-11,2019-11,C Line,Southbound,C Line Southbound,462.0,6,24,462.0,0.0,3.6356499951978134
2019-10,2019-10,C Line,Southbound,C Line Southbound,476.0,6,24,476.0,0.0,3.635649995197814
2019-09,2019-09,C Line,Southbound,C Line Southbound,500.0,6,24,500.0,0.0,3.6356499951978134
2019-08,2019-08,C Line,Southbound,C Line Southbound,464.0,6,24,464.0,0.0,3.6356499951978134
2019-07,2019-07,C Line,Southbound,C Line Southbound,470.0,6,24,470.0,0.0,3.6356499951978134
2019-06,2019-06,C Line,Southbound,C Line Southbound,483.0,6,24,483.00000000000006,1.1768823780705594e-16,3.6356499951978134
2024-05,2024-05,D Line,Northbound,D Line Northbound,839.0,6,28,839.0,0.0,2.960650954727923
2024-04,2024-04,D Line,Northbound,D Line Northbound,790.0,6,28,790.0,0.0,2.960650954727923
2024-03,2024-03,D Line,Northbound,D Line Northbound,794.0,6,28,794.0,0.0,2.960650954727923
2024-02,2024-02,D Line,Northbound,D Line Northbound,770.0,6,28,770.0,0.0,2.9606509547279227
2024-01,2024-01,D Line,Northbound,D Line Northbound,773.0,6,28,773.0,0.0,2.9606509547279227
2023-12,2023-12,D Line,Northbound,D Line Northbound,675.0,6,28,675.0,0.0,2.960650954727923
2023-11,2023-11,D Line,Northbound,D Line Northbound,785.0,6,28,785.0,0.0,2.960650954727923
2023-10,2023-10,D Line,Northbound,D Line Northbound,815.0,6,28,814.9999999999999,1.3949305241916078e-16,2.9606509547279227
2023-09,2023-09,D Line,Northbound,D Line Northbound,765.0,6,28,765.0,0.0,2.9606509547279227
2023-08,2023-08,D Line,Northbound,D Line Northbound,633.0,6,28,632.9999999999999,1.7960005959181047e-16,2.9606509547279227
2023-07,2023-07,D Line,Northbound,D Line Northbound,605.0,6,28,605.0,0.0,2.960650954727923
2023-06,2023-06,D Line,Northbound,D Line Northbound,659.0,6,28,658.9999999999998,3.450283390640851e-16,2.9606509547279227
2023-05,2023-05,D Line,Northbound,D Line Northbound,776.0,6,28,776.0,0.0,2.960650954727923
2023-04,2023-04,D Line,Northbound,D Line Northbound,727.0,6,28,727.0,0.0,2.9606509547279236
2023-03,2023-03,D Line,Northbound,D Line Northbound,740.0,6,28,740.0,0.0,2.9606509547279227
2023-02,2023-02,D Line,Northbound,D Line Northbound,697.0,6,28,696.9999999999999,1.631088059133659e-16,2.9606509547279227
2023-01,2023-01,D Line,Northbound,D Line Northbound,702.0,6,28,701.9999999999998,3.2389412456300865e-16,2.9606509547279236
2022-12,2022-12,D Line,Northbound,D Line Northbound,585.0,6,28,584.9999999999999,1.9433647473780518e-16,2.9606509547279227
2022-11,2022-11,D Line,Northbound,D Line Northbound,686.0,6,28,686.0,0.0,2.960650954727923
2022-10,2022-10,D Line,Northbound,D Line Northbound,707.0,6,28,706.9999999999999,1.6080175066706653e-16,2.960650954727923
2022-09,2022-09,D Line,Northbound,D Line Northbound,658.0,6,28,658.0,0.0,2.9606509547279227
2022-08,2022-08,D Line,Northbound,D Line Northbound,574.0,6,28,573.9999999999999,1.9806069289480145e-16,2.960650954727923
2022-07,2022-07,D Line,Northbound,D Line Northbound,589.0,6,28,589.0,0.0,2.960650954727923
2022-06,2022-06,D Line,Northbound,D Line Northbound,646.0,6,28,646.0,0.0,2.960650954727923
2022-05,2022-05,D Line,Northbound,D Line Northbound,682.0,6,28,681.9999999999998,3.333924859871438e-16,2.960650954727923
2022-04,2022-04,D Line,Northbound,D Line Northbound,620.0,6,28,620.0,0.0,2.9606509547279227
2022-03,2022-03,D Line,Northbound,D Line Northbound,638.0,6,28,637.9999999999998,3.5638507122763644e-16,2.960650954727923
2022-02,2022-02,D Line,Northbound,D Line Northbound,552.0,6,28,552.0,0.0,2.9606509547279223
2022-01,2022-01,D Line,Northbound,D Line Northbound,551.0,6,28,551.0,0.0,2.9606509547279236
2021-12,2021-12,D Line,Northbound,D Line Northbound,553.0,6,28,552.9999999999999,2.0558198503004706e-16,2.960650954727923
2021-11,2021-11,D Line,Northbound,D Line Northbound,632.0,6,28,632.0,0.0,2.9606509547279227
2021-10,2021-10,D Line,Northbound,D Line Northbound,668.0,6,28,667.9999999999999,1.7018987682876652e-16,2.9606509547279227
2021-09,2021-09,D Line,Northbound,D Line Northbound,654.0,6,28,654.0000000000002,3.476661704024955e-16,2.9606509547279227
2021-08,2021-08,D Line,Northbound,D Line Northbound,489.0,6,28,489.0,0.0,2.960650954727923
2021-07,2021-07,D Line,Northbound,D Line Northbound,470.0,6,28,470.0,0.0,2.9606509547279236
2021-06,2021-06,D Line,Northbound,D Line Northbound,467.0,6,28,467.0,0.0,2.9606509547279227
2021-05,2021-05,D Line,Northbound,D Line Northbound,431.0,6,28,430.9999999999999,2.6377456547938753e-16,2.960650954727923
2021-04,2021-04,D Line,Northbound,D Line Northbound,424.0,6,28,424.0,0.0,2.9606509547279227
2021-03,2021-03,D Line,Northbound,D Line Northbound,417.0,6,28,417.0,0.0,2.9606509547279236
2021-02,2021-02,D Line,Northbound,D Line Northbound,400.0,6,28,400.00000000000006,1.4210854715202004e-16,2.9606509547279227
2021-01,2021-01,D Line,Northbound,D Line Northbound,387.0,6,28,387.0,0.0,2.960650954727923
2020-12,2020-12,D Line,Northbound,D Line Northbound,392.0,6,28,391.99999999999994,1.450087215836939e-16,2.9606509547279227
2020-11,2020-11,D Line,Northbound,D Line Northbound,417.0,6,28,417.0,0.0,2.9606509547279236
2020-10,2020-10,D Line,Northbound,D Line Northbound,452.0,6,28,452.0,0.0,2.9606509547279227
2020-09,2020-09,D Line,Northbound,D Line Northbound,447.0,6,28,447.0,0.0,2.9606509547279236
2020-08,2020-08,D Line,Northbound,D Line Northbound,417.0,6,28,417.0,0.0,2.9606509547279236
2020-07,2020-07,D Line,Northbound,D Line Northbound,412.0,6,28,412.0,0.0,2.960650954727923
2020-06,2020-06,D Line,Northbound,D Line Northbound,410.0,6,28,410.0,0.0,2.960650954727923
2020-05,2020-05,D Line,Northbound,D Line Northbound,356.0,6,28,356.0,0.0,2.9606509547279236
2020-04,2020-04,D Line,Northbound,D Line Northbound,394.0,6,28,394.0,0.0,2.9606509547279227
2020-03,2020-03,D Line,Northbound,D Line Northbound,813.0,6,28,813.0,0.0,2.960650954727923
2020-02,2020-02,D Line,Northbound,D Line Northbound,1390.0,6,28,1389.9999999999998,1.635781837721094e-16,2.9606509547279227
2020-01,2020-01,D Line,Northbound,D Line Northbound,1381.0,6,28,1381.0,0.0,2.960650954727923
2019-12,2019-12,D Line,Northbound,D Line Northbound,1261.0,6,28,1260.9999999999998,1.8031219305569553e-16,2.9606509547279227
2019-11,2019-11,D Line,Northbound,D Line Northbound,1385.0,6,28,1385.0,0.0,2.960650954727923
2019-10,2019-10,D Line,Northbound,D Line Northbound,1451.0,6,28,1451.0000000000007,4.701040843071648e-16,2.9606509547279223
2019-09,2019-09,D Line,Northbound,D Line Northbound,1373.0,6,28,1373.0,0.0,2.960650954727923
2019-08,2019-08,D Line,Northbound,D Line Northbound,1179.0,6,28,1178.9999999999998,1.9285299019782193e-16,2.9606509547279227
2019-07,2019-07,D Line,Northbound,D Line Northbound,1217.0,6,28,1216.9999999999998,1.8683128631325559e-16,2.9606509547279227
2019-06,2019-06,D Line,Northbound,D Line Northbound,1480.0,6,28,1480.0,0.0,2.9606509547279227
2024-05,2024-05,D Line,Southbound,D Line Southbound,1136.0,7,27,1136.0,0.0,2.8739743206735877
2024-04,2024-04,D Line,Southbound,D Line Southbound,1111.0,7,27,1111.0,0.0,2.8739743206735873
2024-03,2024-03,D Line,Southbound,D Line Southbound,1117.0,7,27,1117.0,0.0,2.8739743206735873
2024-02,2024-02,D Line,Southbound,D Line Southbound,1099.0,7,27,1099.0,0.0,2.8739743206735877
2024-01,2024-01,D Line,Southbound,D Line Southbound,1051.0,7,27,1051.0,0.0,2.8739743206735873
2023-12,2023-12,D Line,Southbound,D Line Southbound,909.0,7,27,908.9999999999999,1.2506802829660729e-16,2.8739743206735873
2023-11,2023-11,D Line,Southbound,D Line Southbound,1051.0,7,27,1051.0,0.0,2.8739743206735873
2023-10,2023-10,D Line,Southbound,D Line Southbound,1108.0,7,27,1108.0000000000002,2.0521089841446938e-16,2.8739743206735877
2023-09,2023-09,D Line,Southbound,D Line Southbound,1061.0,7,27,1061.0,0.0,2.8739743206735877
2023-08,2023-08,D Line,Southbound,D Line Southbound,923.0,7,27,922.9999999999999,1.2317100511551032e-16,2.873974320673588
2023-07,2023-07,D Line,Southbound,D Line Southbound,895.0,7,27,895.0,0.0,2.8739743206735877
2023-06,2023-06,D Line,Southbound,D Line Southbound,927.0,7,27,927.0,0.0,2.873974320673588
2023-05,2023-05,D Line,Southbound,D Line Southbound,1009.0,7,27,1009.0,0.0,2.8739743206735873
2023-04,2023-04,D Line,Southbound,D Line Southbound,955.0,7,27,955.0,0.0,2.8739743206735873
2023-03,2023-03,D Line,Southbound,D Line Southbound,951.0,7,27,951.0,0.0,2.8739743206735877
2023-02,2023-02,D Line,Southbound,D Line Southbound,935.0,7,27,935.0,0.0,2.8739743206735877
2023-01,2023-01,D Line,Southbound,D Line Southbound,959.0,7,27,959.0,0.0,2.8739743206735873
2022-12,2022-12,D Line,Southbound,D Line Southbound,799.0,7,27,799.0,0.0,2.8739743206735877
2022-11,2022-11,D Line,Southbound,D Line Southbound,884.0,7,27,883.9999999999998,2.5721004009415394e-16,2.8739743206735877
2022-10,2022-10,D Line,Southbound,D Line Southbound,910.0,7,27,910.0000000000002,2.498611818057495e-16,2.8739743206735873
2022-09,2022-09,D Line,Southbound,D Line Southbound,882.0,7,27,882.0,0.0,2.8739743206735877
2022-08,2022-08,D Line,Southbound,D Line Southbound,843.0,7,27,843.0,0.0,2.8739743206735877
2022-07,2022-07,D Line,Southbound,D Line Southbound,878.0,7,27,878.0000000000001,1.2948386984238727e-16,2.873974320673588
2022-06,2022-06,D Line,Southbound,D Line Southbound,868.0,7,27,868.0,0.0,2.8739743206735877
2022-05,2022-05,D Line,Southbound,D Line Southbound,865.0,7,27,865.0,0.0,2.8739743206735873
2022-04,2022-04,D Line,Southbound,D Line Southbound,829.0,7,27,828.9999999999998,2.742746386528734e-16,2.8739743206735877
2022-03,2022-03,D Line,Southbound,D Line Southbound,781.0,7,27,781.0,0.0,2.8739743206735877
2022-02,2022-02,D Line,Southbound,D Line Southbound,699.0,7,27,699.0,0.0,2.8739743206735873
2022-01,2022-01,D Line,Southbound,D Line Southbound,661.0,7,27,661.0,0.0,2.873974320673588
2021-12,2021-12,D Line,Southbound,D Line Southbound,664.0,7,27,663.9999999999998,3.424302341012531e-16,2.873974320673588
2021-11,2021-11,D Line,Southbound,D Line Southbound,751.0,7,27,751.0,0.0,2.8739743206735877
2021-10,2021-10,D Line,Southbound,D Line Southbound,775.0,7,27,774.9999999999999,1.4669269383434326e-16,2.8739743206735873
2021-09,2021-09,D Line,Southbound,D Line Southbound,801.0,7,27,801.0,0.0,2.8739743206735877
2021-08,2021-08,D Line,Southbound,D Line Southbound,669.0,7,27,668.9999999999999,1.699354823940449e-16,2.8739743206735877
2021-07,2021-07,D Line,Southbound,D Line Southbound,671.0,7,27,671.0,0.0,2.8739743206735873
2021-06,2021-06,D Line,Southbound,D Line Southbound,601.0,7,27,601.0000000000001,1.8916279155010987e-16,2.873974320673588
2021-05,2021-05,D Line,Southbound,D Line Southbound,529.0,7,27,529.0,0.0,2.8739743206735877
2021-04,2021-04,D Line,Southbound,D Line Southbound,514.0,7,27,514.0,0.0,2.8739743206735877
2021-03,2021-03,D Line,Southbound,D Line Southbound,497.0,7,27,497.0,0.0,2.8739743206735877
2021-02,2021-02,D Line,Southbound,D Line Southbound,494.0,7,27,494.0,0.0,2.8739743206735873
2021-01,2021-01,D Line,Southbound,D Line Southbound,495.0,7,27,495.0,0.0,2.8739743206735873
2020-12,2020-12,D Line,Southbound,D Line Southbound,462.0,7,27,462.0,0.0,2.8739743206735877
2020-11,2020-11,D Line,Southbound,D Line Southbound,496.0,7,27,495.99999999999994,1.1460366705808067e-16,2.8739743206735873
2020-10,2020-10,D Line,Southbound,D Line Southbound,527.0,7,27,527.0,0.0,2.8739743206735877
2020-09,2020-09,D Line,Southbound,D Line Southbound,527.0,7,27,527.0,0.0,2.8739743206735877
2020-08,2020-08,D Line,Southbound,D Line Southbound,480.0,7,27,480.0,0.0,2.873974320673588
2020-07,2020-07,D Line,Southbound,D Line Southbound,478.0,7,27,478.0,0.0,2.873974320673588
2020-06,2020-06,D Line,Southbound,D Line Southbound,462.0,7,27,462.0,0.0,2.8739743206735877
2020-05,2020-05,D Line,Southbound,D Line Southbound,396.0,7,27,396.00000000000006,1.4354398702224247e-16,2.873974320673587
2020-04,2020-04,D Line,Southbound,D Line Southbound,405.0,7,27,405.0000000000001,2.807082412879408e-16,2.8739743206735873
2020-03,2020-03,D Line,Southbound,D Line Southbound,986.0,7,27,986.0,0.0,2.8739743206735877
2020-02,2020-02,D Line,Southbound,D Line Southbound,2296.0,7,27,2296.0000000000005,1.9806069289480145e-16,2.873974320673588
2020-01,2020-01,D Line,Southbound,D Line Southbound,2327.0,7,27,2327.0,0.0,2.8739743206735873
2019-12,2019-12,D Line,Southbound,D Line Southbound,1968.0,7,27,1968.0,0.0,2.8739743206735877
2019-11,2019-11,D Line,Southbound,D Line Southbound,2172.0,7,27,2172.0000000000005,2.093680252700111e-16,2.8739743206735877
2019-10,2019-10,D Line,Southbound,D Line Southbound,2335.0,7,27,2335.0,0.0,2.8739743206735877
2019-09,2019-09,D Line,Southbound,D Line Southbound,2180.0,7,27,2180.000000000001,4.1719940448299463e-16,2.8739743206735873
2019-08,2019-08,D Line,Southbound,D Line Southbound,2096.0,7,27,2096.0,0.0,2.8739743206735873
2019-07,2019-07,D Line,Southbound,D Line Southbound,2095.0,7,27,2095.0,0.0,2.8739743206735873
2019-06,2019-06,D Line,Southbound,D Line Southbound,2191.0,7,27,2191.0,0.0,2.8739743206735877
2024-05,2024-05,E Line,Northbound,E Line Northbound,819.0,5,36,819.0,0.0,4.341123437656653
2024-04,2024-04,E Line,Northbound,E Line Northbound,764.0,5,36,763.9999999999999,1.488047614157278e-16,4.3411234376566545
2024-03,2024-03,E Line,Northbound,E Line Northbound,793.0,5,36,793.0000000000001,1.4336297316723333e-16,4.3411234376566545
2024-02,2024-02,E Line,Northbound,E Line Northbound,790.0,5,36,790.0,0.0,4.341123437656653
2024-01,2024-01,E Line,Northbound,E Line Northbound,760.0,5,36,760.0,0.0,4.341123437656654
2023-12,2023-12,E Line,Northbound,E Line Northbound,678.0,5,36,678.0000000000002,3.3535940330860185e-16,4.341123437656653
2023-11,2023-11,E Line,Northbound,E Line Northbound,726.0,5,36,726.0000000000001,1.5659344038790087e-16,4.341123437656654
2023-10,2023-10,E Line,Northbound,E Line Northbound,725.0,5,36,725.0,0.0,4.341123437656654
2023-09,2023-09,E Line,Northbound,E Line Northbound,708.0,5,36,708.0,0.0,4.341123437656654
2023-08,2023-08,E Line,Northbound,E Line Northbound,664.0,5,36,664.0000000000002,3.424302341012531e-16,4.341123437656654
2023-07,2023-07,E Line,Northbound,E Line Northbound,654.0,5,36,654.0,0.0,4.341123437656654
2023-06,2023-06,E Line,Northbound,E Line Northbound,686.0,5,36,686.0,0.0,4.341123437656653
2023-05,2023-05,E Line,Northbound,E Line Northbound,699.0,5,36,699.0,0.0,4.341123437656654
2023-04,2023-04,E Line,Northbound,E Line Northbound,663.0,5,36,663.0,0.0,4.341123437656654
2023-03,2023-03,E Line,Northbound,E Line Northbound,649.0,5,36,649.0000000000001,1.7517232314578742e-16,4.341123437656654
2023-02,2023-02,E Line,Northbound,E Line Northbound,632.0,5,36,632.0,0.0,4.341123437656654
2023-01,2023-01,E Line,Northbound,E Line Northbound,618.0,5,36,618.0000000000001,1.8395928433918452e-16,4.341123437656654
2022-12,2022-12,E Line,Northbound,E Line Northbound,555.0,5,36,555.0,0.0,4.341123437656654
2022-11,2022-11,E Line,Northbound,E Line Northbound,644.0,5,36,644.0,0.0,4.341123437656653
2022-10,2022-10,E Line,Northbound,E Line Northbound,697.0,5,36,697.0,0.0,4.341123437656654
2022-09,2022-09,E Line,Northbound,E Line Northbound,688.0,5,36,688.0,0.0,4.341123437656653
2022-08,2022-08,E Line,Northbound,E Line Northbound,622.0,5,36,622.0,0.0,4.341123437656653
2022-07,2022-07,E Line,Northbound,E Line Northbound,636.0,5,36,636.0,0.0,4.3411234376566545
2022-06,2022-06,E Line,Northbound,E Line Northbound,653.0,5,36,653.0,0.0,4.341123437656654
2022-05,2022-05,E Line,Northbound,E Line Northbound,681.0,5,36,681.0,0.0,4.341123437656653
2022-04,2022-04,E Line,Northbound,E Line Northbound,639.0,5,36,639.0,0.0,4.341123437656654
2022-03,2022-03,E Line,Northbound,E Line Northbound,661.0,5,36,661.0000000000001,1.7199219019911654e-16,4.341123437656654
2022-02,2022-02,E Line,Northbound,E Line Northbound,603.0,5,36,603.0,0.0,4.341123437656654
2022-01,2022-01,E Line,Northbound,E Line Northbound,609.0,5,36,609.0,0.0,4.341123437656654
2021-12,2021-12,E Line,Northbound,E Line Northbound,560.0,5,36,560.0,0.0,4.341123437656654
2021-11,2021-11,E Line,Northbound,E Line Northbound,636.0,5,36,636.0,0.0,4.3411234376566545
2021-10,2021-10,E Line,Northbound,E Line Northbound,654.0,5,36,654.0,0.0,4.341123437656654
2021-09,2021-09,E Line,Northbound,E Line Northbound,676.0,5,36,675.9999999999998,3.363515908923551e-16,4.3411234376566545
2021-08,2021-08,E Line,Northbound,E Line Northbound,563.0,5,36,563.0000000000002,4.038608800057408e-16,4.341123437656653
2021-07,2021-07,E Line,Northbound,E Line Northbound,559.0,5,36,559.0000000000001,2.0337538053956356e-16,4.341123437656654
2021-06,2021-06,E Line,Northbound,E Line Northbound,542.0,5,36,542.0000000000002,4.1950862627902593e-16,4.341123437656653
2021-05,2021-05,E Line,Northbound,E Line Northbound,509.0,5,36,509.0,0.0,4.341123437656654
2021-04,2021-04,E Line,Northbound,E Line Northbound,505.0,5,36,504.9999999999999,2.2512245093389313e-16,4.341123437656654
2021-03,2021-03,E Line,Northbound,E Line Northbound,508.0,5,36,508.0,0.0,4.341123437656653
2021-02,2021-02,E Line,Northbound,E Line Northbound,484.0,5,36,484.0,0.0,4.341123437656654
2021-01,2021-01,E Line,Northbound,E Line Northbound,484.0,5,36,484.0,0.0,4.341123437656654
2020-12,2020-12,E Line,Northbound,E Line Northbound,493.0,5,36,492.9999999999999,2.3060210491200006e-16,4.3411234376566545
2020-11,2020-11,E Line,Northbound,E Line Northbound,506.0,5,36,506.0,0.0,4.341123437656654
2020-10,2020-10,E Line,Northbound,E Line Northbound,481.0,5,36,480.99999999999994,1.1817758598920586e-16,4.341123437656654
2020-09,2020-09,E Line,Northbound,E Line Northbound,499.0,5,36,499.0,0.0,4.341123437656654
2020-08,2020-08,E Line,Northbound,E Line Northbound,529.0,5,36,529.0,0.0,4.341123437656654
2020-07,2020-07,E Line,Northbound,E Line Northbound,538.0,5,36,538.0,0.0,4.341123437656653
2020-06,2020-06,E Line,Northbound,E Line Northbound,532.0,5,36,532.0000000000001,2.1369706338649628e-16,4.341123437656654
2020-05,2020-05,E Line,Northbound,E Line Northbound,500.0,5,36,500.0,0.0,4.341123437656654
2020-04,2020-04,E Line,Northbound,E Line Northbound,490.0,5,36,489.99999999999994,1.1600697726695514e-16,4.3411234376566545
2020-03,2020-03,E Line,Northbound,E Line Northbound,691.0,5,36,691.0,0.0,4.341123437656654
2020-02,2020-02,E Line,Northbound,E Line Northbound,950.0,5,36,950.0000000000002,2.3934071099287585e-16,4.341123437656653
2020-01,2020-01,E Line,Northbound,E Line Northbound,886.0,5,36,886.0,0.0,4.341123437656653
2019-12,2019-12,E Line,Northbound,E Line Northbound,878.0,5,36,878.0,0.0,4.341123437656653
2019-11,2019-11,E Line,Northbound,E Line Northbound,996.0,5,36,996.0000000000002,2.282868227341687e-16,4.341123437656653
2019-10,2019-10,E Line,Northbound,E Line Northbound,969.0,5,36,969.0000000000001,1.1732387793768423e-16,4.341123437656653
2019-09,2019-09,E Line,Northbound,E Line Northbound,964.0,5,36,964.0,0.0,4.341123437656654
2019-08,2019-08,E Line,Northbound,E Line Northbound,834.0,5,36,834.0,0.0,4.341123437656653
2019-07,2019-07,E Line,Northbound,E Line Northbound,857.0,5,36,857.0,0.0,4.341123437656654
2019-06,2019-06,E Line,Northbound,E Line Northbound,929.0,5,36,928.9999999999999,1.2237549808570077e-16,4.341123437656654
2024-05,2024-05,E Line,Southbound,E Line Southbound,1548.0,8,36,1548.0,0.0,4.7859960142445805
2024-04,2024-04,E Line,Southbound,E Line Southbound,1459.0,8,36,1459.0000000000005,3.1168427065556145e-16,4.78599601424458
2024-03,2024-03,E Line,Southbound,E Line Southbound,1476.0,8,36,1476.0,0.0,4.7859960142445805
2024-02,2024-02,E Line,Southbound,E Line Southbound,1466.0,8,36,1466.0000000000005,3.1019601015447757e-16,4.7859960142445805
2024-01,2024-01,E Line,Southbound,E Line Southbound,1409.0,8,36,1409.0,0.0,4.7859960142445805
2023-12,2023-12,E Line,Southbound,E Line Southbound,1254.0,8,36,1254.0,0.0,4.7859960142445805
2023-11,2023-11,E Line,Southbound,E Line Southbound,1357.0,8,36,1357.0,0.0,4.785996014244581
2023-10,2023-10,E Line,Southbound,E Line Southbound,1413.0,8,36,1413.0,0.0,4.785996014244581
2023-09,2023-09,E Line,Southbound,E Line Southbound,1354.0,8,36,1354.0,0.0,4.785996014244581
2023-08,2023-08,E Line,Southbound,E Line Southbound,1408.0,8,36,1408.0,0.0,4.7859960142445805
2023-07,2023-07,E Line,Southbound,E Line Southbound,1349.0,8,36,1349.0,0.0,4.78599601424458
2023-06,2023-06,E Line,Southbound,E Line Southbound,1349.0,8,36,1349.0,0.0,4.78599601424458
2023-05,2023-05,E Line,Southbound,E Line Southbound,1347.0,8,36,1346.9999999999995,3.3760011201667713e-16,4.785996014244581
2023-04,2023-04,E Line,Southbound,E Line Southbound,1218.0,8,36,1218.0,0.0,4.785996014244581
2023-03,2023-03,E Line,Southbound,E Line Southbound,1238.0,8,36,1238.0,0.0,4.7859960142445805
2023-02,2023-02,E Line,Southbound,E Line Southbound,1196.0,8,36,1196.0,0.0,4.7859960142445805
2023-01,2023-01,E Line,Southbound,E Line Southbound,1159.0,8,36,1159.0000000000005,3.923618212997965e-16,4.78599601424458
2022-12,2022-12,E Line,Southbound,E Line Southbound,1042.0,8,36,1042.0,0.0,4.7859960142445805
2022-11,2022-11,E Line,Southbound,E Line Southbound,1194.0,8,36,1193.9999999999995,3.8086042787811066e-16,4.785996014244581
2022-10,2022-10,E Line,Southbound,E Line Southbound,1221.0,8,36,1221.0000000000002,1.8621922640723348e-16,4.7859960142445805
2022-09,2022-09,E Line,Southbound,E Line Southbound,1239.0,8,36,1238.9999999999995,3.670277246864117e-16,4.785996014244581
2022-08,2022-08,E Line,Southbound,E Line Southbound,1180.0,8,36,1180.0,0.0,4.7859960142445805
2022-07,2022-07,E Line,Southbound,E Line Southbound,1202.0,8,36,1202.0,0.0,4.785996014244581
2022-06,2022-06,E Line,Southbound,E Line Southbound,1214.0,8,36,1214.0000000000002,1.8729297812457336e-16,4.7859960142445805
2022-05,2022-05,E Line,Southbound,E Line Southbound,1150.0,8,36,1150.0,0.0,4.7859960142445805
2022-04,2022-04,E Line,Southbound,E Line Southbound,1114.0,8,36,1114.0,0.0,4.785996014244581
2022-03,2022-03,E Line,Southbound,E Line Southbound,1059.0,8,36,1059.0,0.0,4.7859960142445805
2022-02,2022-02,E Line,Southbound,E Line Southbound,1002.0,8,36,1002.0,0.0,4.7859960142445805
2022-01,2022-01,E Line,Southbound,E Line Southbound,925.0,8,36,925.0,0.0,4.7859960142445805
2021-12,2021-12,E Line,Southbound,E Line Southbound,902.0,8,36,902.0,0.0,4.785996014244581
2021-11,2021-11,E Line,Southbound,E Line Southbound,1065.0,8,36,1065.0,0.0,4.785996014244581
2021-10,2021-10,E Line,Southbound,E Line Southbound,1029.0,8,36,1029.0,0.0,4.7859960142445805
2021-09,2021-09,E Line,Southbound,E Line Southbound,999.0,8,36,999.0000000000001,1.13800638359976e-16,4.7859960142445805
2021-08,2021-08,E Line,Southbound,E Line Southbound,915.0,8,36,915.0,0.0,4.7859960142445805
2021-07,2021-07,E Line,Southbound,E Line Southbound,885.0,8,36,885.0,0.0,4.785996014244581
2021-06,2021-06,E Line,Southbound,E Line Southbound,823.0,8,36,823.0,0.0,4.7859960142445805
2021-05,2021-05,E Line,Southbound,E Line Southbound,732.0,8,36,732.0,0.0,4.7859960142445805
2021-04,2021-04,E Line,Southbound,E Line Southbound,721.0,8,36,721.0,0.0,4.78599601424458
2021-03,2021-03,E Line,Southbound,E Line Southbound,734.0,8,36,734.0,0.0,4.7859960142445805
2021-02,2021-02,E Line,Southbound,E Line Southbound,704.0,8,36,704.0,0.0,4.7859960142445805
2021-01,2021-01,E Line,Southbound,E Line Southbound,707.0,8,36,706.9999999999999,1.6080175066706653e-16,4.7859960142445805
2020-12,2020-12,E Line,Southbound,E Line Southbound,678.0,8,36,678.0000000000002,3.3535940330860185e-16,4.7859960142445805
2020-11,2020-11,E Line,Southbound,E Line Southbound,709.0,8,36,709.0000000000001,1.6034814911370385e-16,4.7859960142445805
2020-10,2020-10,E Line,Southbound,E Line Southbound,721.0,8,36,721.0,0.0,4.78599601424458
2020-09,2020-09,E Line,Southbound,E Line Southbound,752.0,8,36,752.0,0.0,4.7859960142445805
2020-08,2020-08,E Line,Southbound,E Line Southbound,724.0,8,36,724.0000000000002,3.1405203790501664e-16,4.7859960142445805
2020-07,2020-07,E Line,Southbound,E Line Southbound,707.0,8,36,706.9999999999999,1.6080175066706653e-16,4.7859960142445805
2020-06,2020-06,E Line,Southbound,E Line Southbound,677.0,8,36,677.0,0.0,4.785996014244581
2020-05,2020-05,E Line,Southbound,E Line Southbound,643.0,8,36,643.0,0.0,4.7859960142445805
2020-04,2020-04,E Line,Southbound,E Line Southbound,603.0,8,36,603.0,0.0,4.7859960142445805
2020-03,2020-03,E Line,Southbound,E Line Southbound,1325.0,8,36,1325.0000000000002,1.7160277391942041e-16,4.785996014244581
2020-02,2020-02,E Line,Southbound,E Line Southbound,2956.0,8,36,2956.000000000001,3.076775039827227e-16,4.78599601424458
2020-01,2020-01,E Line,Southbound,E Line Southbound,2891.0,8,36,2891.000000000001,3.145951925883529e-16,4.78599601424458
2019-12,2019-12,E Line,Southbound,E Line Southbound,2610.0,8,36,2610.0,0.0,4.7859960142445805
2019-11,2019-11,E Line,Southbound,E Line Southbound,2939.0,8,36,2939.0,0.0,4.7859960142445805
2019-10,2019-10,E Line,Southbound,E Line Southbound,3014.0,8,36,3014.0,0.0,4.78599601424458
2019-09,2019-09,E Line,Southbound,E Line Southbound,3012.0,8,36,3012.0,0.0,4.7859960142445805
2019-08,2019-08,E Line,Southbound,E Line Southbound,2822.0,8,36,2822.0000000000005,1.611436395770603e-16,4.7859960142445805
2019-07,2019-07,E Line,Southbound,E Line Southbound,2903.0,8,36,2903.0,0.0,4.7859960142445805
2019-06,2019-06,E Line,Southbound,E Line Southbound,3016.0,8,36,3016.0,0.0,4.7859960142445805
2024-05,2024-05,F Line,Eastbound,F Line Eastbound,464.0,5,32,463.99999999999994,1.2250736823450003e-16,2.8759083554798233
2024-04,2024-04,F Line,Eastbound,F Line Eastbound,451.0,5,32,451.0,0.0,2.8759083554798233
2024-03,2024-03,F Line,Eastbound,F Line Eastbound,422.0,5,32,422.00000000000006,1.3470004469385787e-16,2.8759083554798233
2024-02,2024-02,F Line,Eastbound,F Line Eastbound,421.0,5,32,420.9999999999999,2.700399945881616e-16,2.8759083554798237
2024-01,2024-01,F Line,Eastbound,F Line Eastbound,385.0,5,32,385.0,0.0,2.8759083554798237
2023-12,2023-12,F Line,Eastbound,F Line Eastbound,378.0,5,32,377.99999999999994,1.5037941497568257e-16,2.8759083554798237
2023-11,2023-11,F Line,Eastbound,F Line Eastbound,405.0,5,32,405.0,0.0,2.875908355479823
2023-10,2023-10,F Line,Eastbound,F Line Eastbound,396.0,5,32,396.0,0.0,2.8759083554798233
2023-09,2023-09,F Line,Eastbound,F Line Eastbound,356.0,5,32,356.0,0.0,2.8759083554798237
2023-08,2023-08,F Line,Eastbound,F Line Eastbound,382.0,5,32,382.0,0.0,2.875908355479823
2023-07,2023-07,F Line,Eastbound,F Line Eastbound,396.0,5,32,396.0,0.0,2.8759083554798233
2023-06,2023-06,F Line,Eastbound,F Line Eastbound,396.0,5,32,396.0,0.0,2.8759083554798233
2023-05,2023-05,F Line,Eastbound,F Line Eastbound,401.0,5,32,400.99999999999994,1.417541617476509e-16,2.8759083554798233
2023-04,2023-04,F Line,Eastbound,F Line Eastbound,388.0,5,32,388.0,0.0,2.8759083554798233
2023-03,2023-03,F Line,Eastbound,F Line Eastbound,385.0,5,32,385.0,0.0,2.8759083554798237
2023-02,2023-02,F Line,Eastbound,F Line Eastbound,400.0,5,32,400.0,0.0,2.8759083554798224
2023-01,2023-01,F Line,Eastbound,F Line Eastbound,375.0,5,32,375.0,0.0,2.8759083554798237
2022-12,2022-12,F Line,Eastbound,F Line Eastbound,329.0,5,32,329.00000000000006,1.72776349120997e-16,2.8759083554798233
2022-11,2022-11,F Line,Eastbound,F Line Eastbound,377.0,5,32,376.99999999999994,1.507782993655385e-16,2.8759083554798237
2022-10,2022-10,F Line,Eastbound,F Line Eastbound,389.0,5,32,388.99999999999994,1.4612704077328537e-16,2.8759083554798233
2022-09,2022-09,F Line,Eastbound,F Line Eastbound,407.0,5,32,407.0,0.0,2.8759083554798233
2022-08,2022-08,F Line,Eastbound,F Line Eastbound,349.0,5,32,349.0,0.0,2.875908355479823
2022-07,2022-07,F Line,Eastbound,F Line Eastbound,355.0,5,32,355.00000000000006,1.6012230665016343e-16,2.875908355479823
2022-06,2022-06,F Line,Eastbound,F Line Eastbound,378.0,5,32,377.99999999999994,1.5037941497568257e-16,2.8759083554798237
2022-05,2022-05,F Line,Eastbound,F Line Eastbound,363.0,5,32,362.99999999999994,1.5659344038790087e-16,2.8759083554798233
2022-04,2022-04,F Line,Eastbound,F Line Eastbound,357.0,5,32,357.0,0.0,2.875908355479823
2022-03,2022-03,F Line,Eastbound,F Line Eastbound,330.0,5,32,330.0,0.0,2.8759083554798233
2022-02,2022-02,F Line,Eastbound,F Line Eastbound,319.0,5,32,319.0,0.0,2.875908355479823
2022-01,2022-01,F Line,Eastbound,F Line Eastbound,307.0,5,32,307.0,0.0,2.8759083554798233
2021-12,2021-12,F Line,Eastbound,F Line Eastbound,286.0,5,32,286.0,0.0,2.8759083554798224
2021-11,2021-11,F Line,Eastbound,F Line Eastbound,315.0,5,32,315.0,0.0,2.8759083554798233
2021-10,2021-10,F Line,Eastbound,F Line Eastbound,322.0,5,32,322.0,0.0,2.8759083554798224
2021-09,2021-09,F Line,Eastbound,F Line Eastbound,331.0,5,32,331.0,0.0,2.8759083554798233
2021-08,2021-08,F Line,Eastbound,F Line Eastbound,297.0,5,32,297.0,0.0,2.8759083554798233
2021-07,2021-07,F Line,Eastbound,F Line Eastbound,301.0,5,32,301.00000000000006,1.8884856764388045e-16,2.8759083554798233
2021-06,2021-06,F Line,Eastbound,F Line Eastbound,296.0,5,32,296.00000000000006,1.9203857723245952e-16,2.8759083554798237
2021-05,2021-05,F Line,Eastbound,F Line Eastbound,279.0,5,32,279.0,0.0,2.8759083554798233
2021-04,2021-04,F Line,Eastbound,F Line Eastbound,268.0,5,32,268.0,0.0,2.8759083554798237
2021-03,2021-03,F Line,Eastbound,F Line Eastbound,266.0,5,32,266.0,0.0,2.875908355479823
2021-02,2021-02,F Line,Eastbound,F Line Eastbound,248.0,5,32,248.0,0.0,2.8759083554798233
2021-01,2021-01,F Line,Eastbound,F Line Eastbound,257.0,5,32,257.0,0.0,2.875908355479823
2020-12,2020-12,F Line,Eastbound,F Line Eastbound,250.0,5,32,250.00000000000003,1.1368683772161603e-16,2.8759083554798233
2020-11,2020-11,F Line,Eastbound,F Line Eastbound,270.0,5,32,270.0,0.0,2.875908355479823
2020-10,2020-10,F Line,Eastbound,F Line Eastbound,277.0,5,32,276.99999999999994,2.0521089841446938e-16,2.8759083554798233
2020-09,2020-09,F Line,Eastbound,F Line Eastbound,287.0,5,32,287.0,0.0,2.8759083554798233
2020-08,2020-08,F Line,Eastbound,F Line Eastbound,270.0,5,32,270.0,0.0,2.875908355479823
2020-07,2020-07,F Line,Eastbound,F Line Eastbound,258.0,5,32,258.0,0.0,2.8759083554798233
2020-06,2020-06,F Line,Eastbound,F Line Eastbound,240.0,5,32,240.0,0.0,2.875908355479823
2020-05,2020-05,F Line,Eastbound,F Line Eastbound,202.0,5,32,201.99999999999997,1.407015318336832e-16,2.8759083554798233
2020-04,2020-04,F Line,Eastbound,F Line Eastbound,204.0,5,32,204.0,0.0,2.875908355479823
2020-03,2020-03,F Line,Eastbound,F Line Eastbound,351.0,5,32,351.00000000000006,1.6194706228150432e-16,2.8759083554798233
2020-02,2020-02,F Line,Eastbound,F Line Eastbound,519.0,5,32,519.0,0.0,2.875908355479823
2020-01,2020-01,F Line,Eastbound,F Line Eastbound,533.0,5,32,533.0,0.0,2.8759083554798233
2019-12,2019-12,F Line,Eastbound,F Line Eastbound,491.0,5,32,491.0,0.0,2.8759083554798224
2019-11,2019-11,F Line,Eastbound,F Line Eastbound,540.0,5,32,540.0,0.0,2.875908355479823
2019-10,2019-10,F Line,Eastbound,F Line Eastbound,554.0,5,32,553.9999999999999,2.0521089841446938e-16,2.8759083554798233
2019-09,2019-09,F Line,Eastbound,F Line Eastbound,559.0,5,32,558.9999999999999,2.0337538053956356e-16,2.8759083554798237
2019-08,2019-08,F Line,Eastbound,F Line Eastbound,585.0,5,32,585.0,0.0,2.8759083554798233
2019-07,2019-07,F Line,Eastbound,F Line Eastbound,583.0,5,32,583.0,0.0,2.8759083554798237
2019-06,2019-06,F Line,Eastbound,F Line Eastbound,594.0,5,32,594.0,0.0,2.8759083554798233
2024-05,2024-05,F Line,Westbound,F Line Westbound,408.0,5,31,407.99999999999994,1.3932210505100003e-16,2.9744875130779467
2024-04,2024-04,F Line,Westbound,F Line Westbound,380.0,5,31,379.9999999999999,2.991758887410948e-16,2.9744875130779467
2024-03,2024-03,F Line,Westbound,F Line Westbound,369.0,5,31,368.99999999999994,1.5404720558484557e-16,2.9744875130779467
2024-02,2024-02,F Line,Westbound,F Line Westbound,360.0,5,31,360.0,0.0,2.9744875130779467
2024-01,2024-01,F Line,Westbound,F Line Westbound,334.0,5,31,334.0,0.0,2.9744875130779467
2023-12,2023-12,F Line,Westbound,F Line Westbound,329.0,5,31,329.0,0.0,2.9744875130779467
2023-11,2023-11,F Line,Westbound,F Line Westbound,337.0,5,31,337.0,0.0,2.9744875130779462
2023-10,2023-10,F Line,Westbound,F Line Westbound,328.0,5,31,327.9999999999999,3.4660621256590254e-16,2.974487513077947
2023-09,2023-09,F Line,Westbound,F Line Westbound,335.0,5,31,335.00000000000006,1.6968184734569557e-16,2.9744875130779467
2023-08,2023-08,F Line,Westbound,F Line Westbound,358.0,5,31,358.0,0.0,2.9744875130779467
2023-07,2023-07,F Line,Westbound,F Line Westbound,355.0,5,31,355.0,0.0,2.9744875130779467
2023-06,2023-06,F Line,Westbound,F Line Westbound,354.0,5,31,354.0,0.0,2.9744875130779462
2023-05,2023-05,F Line,Westbound,F Line Westbound,364.0,5,31,364.0000000000001,3.123264772571869e-16,2.9744875130779462
2023-04,2023-04,F Line,Westbound,F Line Westbound,326.0,5,31,326.0,0.0,2.9744875130779467
2023-03,2023-03,F Line,Westbound,F Line Westbound,341.0,5,31,341.00000000000006,1.666962429935719e-16,2.9744875130779462
2023-02,2023-02,F Line,Westbound,F Line Westbound,347.0,5,31,347.0,0.0,2.9744875130779467
2023-01,2023-01,F Line,Westbound,F Line Westbound,330.0,5,31,329.9999999999999,3.445055688533819e-16,2.9744875130779467
2022-12,2022-12,F Line,Westbound,F Line Westbound,288.0,5,31,288.0,0.0,2.9744875130779462
2022-11,2022-11,F Line,Westbound,F Line Westbound,337.0,5,31,337.0,0.0,2.9744875130779462
2022-10,2022-10,F Line,Westbound,F Line Westbound,317.0,5,31,317.0,0.0,2.9744875130779467
2022-09,2022-09,F Line,Westbound,F Line Westbound,294.0,5,31,294.00000000000006,1.9334496211159188e-16,2.9744875130779462
2022-08,2022-08,F Line,Westbound,F Line Westbound,290.0,5,31,290.0,0.0,2.9744875130779467
2022-07,2022-07,F Line,Westbound,F Line Westbound,315.0,5,31,315.0,0.0,2.9744875130779467
2022-06,2022-06,F Line,Westbound,F Line Westbound,322.0,5,31,322.0,0.0,2.9744875130779462
2022-05,2022-05,F Line,Westbound,F Line Westbound,316.0,5,31,316.00000000000006,1.7988423690129118e-16,2.9744875130779467
2022-04,2022-04,F Line,Westbound,F Line Westbound,309.0,5,31,309.0,0.0,2.974487513077946
2022-03,2022-03,F Line,Westbound,F Line Westbound,300.0,5,31,299.99999999999994,1.8947806286936006e-16,2.9744875130779462
2022-02,2022-02,F Line,Westbound,F Line Westbound,291.0,5,31,291.0,0.0,2.9744875130779462
2022-01,2022-01,F Line,Westbound,F Line Westbound,266.0,5,31,266.0,0.0,2.9744875130779462
2021-12,2021-12,F Line,Westbound,F Line Westbound,252.0,5,31,251.99999999999997,1.1278456123176193e-16,2.9744875130779462
2021-11,2021-11,F Line,Westbound,F Line Westbound,299.0,5,31,298.9999999999999,3.802235375304884e-16,2.9744875130779467
2021-10,2021-10,F Line,Westbound,F Line Westbound,306.0,5,31,306.0,0.0,2.9744875130779462
2021-09,2021-09,F Line,Westbound,F Line Westbound,297.0,5,31,297.0,0.0,2.9744875130779462
2021-08,2021-08,F Line,Westbound,F Line Westbound,271.0,5,31,271.0,0.0,2.9744875130779462
2021-07,2021-07,F Line,Westbound,F Line Westbound,271.0,5,31,271.0,0.0,2.9744875130779462
2021-06,2021-06,F Line,Westbound,F Line Westbound,278.0,5,31,278.00000000000006,2.0447272971513675e-16,2.9744875130779467
2021-05,2021-05,F Line,Westbound,F Line Westbound,267.0,5,31,267.0,0.0,2.9744875130779467
2021-04,2021-04,F Line,Westbound,F Line Westbound,257.0,5,31,257.0,0.0,2.9744875130779462
2021-03,2021-03,F Line,Westbound,F Line Westbound,256.0,5,31,256.00000000000006,2.220446049250313e-16,2.9744875130779462
2021-02,2021-02,F Line,Westbound,F Line Westbound,232.0,5,31,232.0,0.0,2.9744875130779462
2021-01,2021-01,F Line,Westbound,F Line Westbound,241.0,5,31,241.0,0.0,2.9744875130779467
2020-12,2020-12,F Line,Westbound,F Line Westbound,241.0,5,31,241.0,0.0,2.9744875130779467
2020-11,2020-11,F Line,Westbound,F Line Westbound,252.0,5,31,251.99999999999997,1.1278456123176193e-16,2.9744875130779462
2020-10,2020-10,F Line,Westbound,F Line Westbound,254.0,5,31,254.0,0.0,2.974487513077947
2020-09,2020-09,F Line,Westbound,F Line Westbound,267.0,5,31,267.0,0.0,2.9744875130779467
2020-08,2020-08,F Line,Westbound,F Line Westbound,262.0,5,31,262.0,0.0,2.9744875130779462
2020-07,2020-07,F Line,Westbound,F Line Westbound,252.0,5,31,251.99999999999997,1.1278456123176193e-16,2.9744875130779462
2020-06,2020-06,F Line,Westbound,F Line Westbound,239.0,5,31,238.99999999999994,2.3783857263936406e-16,2.9744875130779467
2020-05,2020-05,F Line,Westbound,F Line Westbound,227.0,5,31,226.99999999999997,1.252057684158767e-16,2.9744875130779467
2020-04,2020-04,F Line,Westbound,F Line Westbound,235.0,5,31,235.00000000000003,1.209434443846979e-16,2.9744875130779462
2020-03,2020-03,F Line,Westbound,F Line Westbound,354.0,5,31,354.0,0.0,2.9744875130779462
2020-02,2020-02,F Line,Westbound,F Line Westbound,489.0,5,31,489.0,0.0,2.9744875130779462
2020-01,2020-01,F Line,Westbound,F Line Westbound,483.0,5,31,482.9999999999999,2.353764756141119e-16,2.9744875130779467
2019-12,2019-12,F Line,Westbound,F Line Westbound,449.0,5,31,449.0,0.0,2.9744875130779467
2019-11,2019-11,F Line,Westbound,F Line Westbound,488.0,5,31,488.0,0.0,2.9744875130779467
2019-10,2019-10,F Line,Westbound,F Line Westbound,501.0,5,31,501.00000000000006,1.1345991788584433e-16,2.9744875130779467
2019-09,2019-09,F Line,Westbound,F Line Westbound,512.0,5,31,512.0000000000001,2.220446049250313e-16,2.9744875130779462
2019-08,2019-08,F Line,Westbound,F Line Westbound,473.0,5,31,472.99999999999994,1.2017636122792393e-16,2.9744875130779467
2019-07,2019-07,F Line,Westbound,F Line Westbound,476.0,5,31,475.9999999999999,2.388378943731429e-16,2.9744875130779467
2019-06,2019-06,F Line,Westbound,F Line Westbound,513.0,5,31,513.0,0.0,2.9744875130779462
2024-05,2024-05,H Line,Northbound,H Line Northbound,1192.0,7,31,1192.0,0.0,3.844503711497803
2024-04,2024-04,H Line,Northbound,H Line Northbound,1088.0,7,31,1088.0,0.0,3.844503711497804
2024-03,2024-03,H Line,Northbound,H Line Northbound,1049.0,7,31,1048.9999999999995,4.335055775848085e-16,3.844503711497804
2024-02,2024-02,H Line,Northbound,H Line Northbound,1079.0,7,31,1079.0000000000002,2.1072629790846345e-16,3.8445037114978033
2024-01,2024-01,H Line,Northbound,H Line Northbound,1006.0,7,31,1006.0000000000001,1.1300878501154674e-16,3.8445037114978042
2023-12,2023-12,H Line,Northbound,H Line Northbound,918.0,7,31,917.9999999999999,1.238418711564445e-16,3.8445037114978042
2023-11,2023-11,H Line,Northbound,H Line Northbound,1055.0,7,31,1054.9999999999995,4.3104014302034515e-16,3.8445037114978047
2023-10,2023-10,H Line,Northbound,H Line Northbound,1107.0,7,31,1107.0,0.0,3.844503711497803
2023-09,2023-09,H Line,Northbound,H Line Northbound,1073.0,7,31,1073.0,0.0,3.844503711497803
2023-08,2023-08,H Line,Northbound,H Line Northbound,1015.0,7,31,1014.9999999999999,1.1200673667154288e-16,3.844503711497804
2023-07,2023-07,H Line,Northbound,H Line Northbound,970.0,7,31,970.0,0.0,3.8445037114978033
2023-06,2023-06,H Line,Northbound,H Line Northbound,1039.0,7,31,1039.0,0.0,3.844503711497804
2023-05,2023-05,H Line,Northbound,H Line Northbound,994.0,7,31,994.0000000000001,1.1437307617868817e-16,3.8445037114978033
2023-04,2023-04,H Line,Northbound,H Line Northbound,934.0,7,31,934.0,0.0,3.8445037114978033
2023-03,2023-03,H Line,Northbound,H Line Northbound,414.0,7,31,414.0,0.0,3.844503711497804
2024-05,2024-05,H Line,Southbound,H Line Southbound,478.0,6,31,478.0,0.0,3.547850984482761
2024-04,2024-04,H Line,Southbound,H Line Southbound,393.0,6,31,393.0,0.0,3.5478509844827606
2024-03,2024-03,H Line,Southbound,H Line Southbound,396.0,6,31,395.9999999999999,2.8708797404448495e-16,3.5478509844827615
2024-02,2024-02,H Line,Southbound,H Line Southbound,423.0,6,31,423.0,0.0,3.547850984482761
2024-01,2024-01,H Line,Southbound,H Line Southbound,375.0,6,31,375.0,0.0,3.547850984482761
2023-12,2023-12,H Line,Southbound,H Line Southbound,353.0,6,31,353.0,0.0,3.5478509844827615
2023-11,2023-11,H Line,Southbound,H Line Southbound,390.0,6,31,389.99999999999994,1.4575235605335388e-16,3.5478509844827606
2023-10,2023-10,H Line,Southbound,H Line Southbound,427.0,6,31,427.0,0.0,3.5478509844827606
2023-09,2023-09,H Line,Southbound,H Line Southbound,406.0,6,31,406.0,0.0,3.547850984482761
2023-08,2023-08,H Line,Southbound,H Line Southbound,328.0,6,31,327.9999999999999,3.4660621256590254e-16,3.547850984482761
2023-07,2023-07,H Line,Southbound,H Line Southbound,321.0,6,31,321.0,0.0,3.547850984482761
2023-06,2023-06,H Line,Southbound,H Line Southbound,382.0,6,31,382.00000000000006,1.488047614157278e-16,3.5478509844827615
2023-05,2023-05,H Line,Southbound,H Line Southbound,380.0,6,31,379.9999999999999,2.991758887410948e-16,3.547850984482761
2023-04,2023-04,H Line,Southbound,H Line Southbound,348.0,6,31,348.0,0.0,3.547850984482761
2023-03,2023-03,H Line,Southbound,H Line Southbound,148.0,6,31,147.99999999999994,3.8407715446491904e-16,3.5478509844827615
