name,node_id,x_coord,y_coord,node_type,geometry,agency_name,route_id,route_type,terminal_flag,physical_node_id,ctrl_type,agent_type,zone_id,directed_route_id,directed_service_id
9766,1000001,-111.932684,33.429352,stop,POINT (-111.932684   33.429352),Valley Metro,S,0,1,1000001,,,,,
9666,1000002,-111.929371,33.414734,stop,POINT (-111.929371   33.414734),Valley Metro,S,0,0,1000002,,,,,
9099,1000003,-111.92525,33.41476,stop,POINT (-111.925250   33.414760),Valley Metro,S,0,0,1000003,,,,,
9694,1000004,-111.916981,33.414653,stop,POINT (-111.916981   33.414653),Valley Metro,S,0,0,1000004,,,,,
9419,1000005,-111.938171,33.430136,stop,POINT (-111.938171   33.430136),Valley Metro,S,0,0,1000005,,,,,
9767,1000006,-111.941997,33.429452,stop,POINT (-111.941997   33.429452),Valley Metro,S,0,0,1000006,,,,,
9525,1000007,-111.943019,33.427402,stop,POINT (-111.943019   33.427402),Valley Metro,S,0,0,1000007,,,,,
9545,1000008,-111.943457,33.425103,stop,POINT (-111.943457   33.425103),Valley Metro,S,0,0,1000008,,,,,
9768,1000009,-111.942501,33.422355,stop,POINT (-111.942501   33.422355),Valley Metro,S,0,0,1000009,,,,,
9551,1000010,-111.939933,33.420922,stop,POINT (-111.939933   33.420922),Valley Metro,S,0,0,1000010,,,,,
9546,1000011,-111.939923,33.418088,stop,POINT (-111.939923   33.418088),Valley Metro,S,0,0,1000011,,,,,
9769,1000012,-111.935271,33.414678,stop,POINT (-111.935271   33.414678),Valley Metro,S,0,1,1000012,,,,,
9721,1000013,-111.92525,33.41476,stop,POINT (-111.925250   33.414760),Valley Metro,S,0,0,1000013,,,,,
8954,1000014,-111.929371,33.414734,stop,POINT (-111.929371   33.414734),Valley Metro,S,0,0,1000014,,,,,
9771,1000015,-111.935271,33.414678,stop,POINT (-111.935271   33.414678),Valley Metro,S,0,0,1000015,,,,,
9731,1000016,-111.939905,33.418088,stop,POINT (-111.939905   33.418088),Valley Metro,S,0,0,1000016,,,,,
9772,1000017,-111.939933,33.420922,stop,POINT (-111.939933   33.420922),Valley Metro,S,0,0,1000017,,,,,
9742,1000018,-111.939919,33.424832,stop,POINT (-111.939919   33.424832),Valley Metro,S,0,0,1000018,,,,,
9734,1000019,-111.939928,33.427936,stop,POINT (-111.939928   33.427936),Valley Metro,S,0,0,1000019,,,,,
9762,1000020,-111.790741,33.415331,stop,POINT (-111.790741   33.415331),Valley Metro,RAIL,0,1,1000020,,,,,
9041,1000021,-111.908269,33.41474,stop,POINT (-111.908269   33.414740),Valley Metro,RAIL,0,0,1000021,,,,,
9038,1000022,-111.916899,33.414776,stop,POINT (-111.916899   33.414776),Valley Metro,RAIL,0,0,1000022,,,,,
9052,1000023,-111.926894,33.420815,stop,POINT (-111.926894   33.420815),Valley Metro,RAIL,0,0,1000023,,,,,
9054,1000024,-111.935939,33.426134,stop,POINT (-111.935939   33.426134),Valley Metro,RAIL,0,0,1000024,,,,,
9043,1000025,-111.9407,33.427559,stop,POINT (-111.940700   33.427559),Valley Metro,RAIL,0,0,1000025,,,,,
9036,1000026,-111.946605,33.438047,stop,POINT (-111.946605   33.438047),Valley Metro,RAIL,0,0,1000026,,,,,
9047,1000027,-111.956107,33.442008,stop,POINT (-111.956107   33.442008),Valley Metro,RAIL,0,0,1000027,,,,,
9764,1000028,-111.975307,33.447034,stop,POINT (-111.975307   33.447034),Valley Metro,RAIL,0,0,1000028,,,,,
9033,1000029,-111.98798,33.448168,stop,POINT (-111.987980   33.448168),Valley Metro,RAIL,0,0,1000029,,,,,
9031,1000030,-111.999879,33.448102,stop,POINT (-111.999879   33.448102),Valley Metro,RAIL,0,0,1000030,,,,,
8329,1000031,-111.803099,33.415225,stop,POINT (-111.803099   33.415225),Valley Metro,RAIL,0,0,1000031,,,,,
9030,1000032,-112.029285,33.448192,stop,POINT (-112.029285   33.448192),Valley Metro,RAIL,0,0,1000032,,,,,
9028,1000033,-112.057179,33.448248,stop,POINT (-112.057179   33.448248),Valley Metro,RAIL,0,0,1000033,,,,,
9032,1000034,-112.070595,33.448352,stop,POINT (-112.070595   33.448352),Valley Metro,RAIL,0,0,1000034,,,,,
9055,1000035,-112.073866,33.44889,stop,POINT (-112.073866   33.448890),Valley Metro,RAIL,0,0,1000035,,,,,
9053,1000036,-112.073955,33.451922,stop,POINT (-112.073955   33.451922),Valley Metro,RAIL,0,0,1000036,,,,,
9048,1000037,-112.073874,33.459418,stop,POINT (-112.073874   33.459418),Valley Metro,RAIL,0,0,1000037,,,,,
9042,1000038,-112.073811,33.464703,stop,POINT (-112.073811   33.464703),Valley Metro,RAIL,0,0,1000038,,,,,
9039,1000039,-112.073799,33.473655,stop,POINT (-112.073799   33.473655),Valley Metro,RAIL,0,0,1000039,,,,,
9051,1000040,-112.073761,33.481233,stop,POINT (-112.073761   33.481233),Valley Metro,RAIL,0,0,1000040,,,,,
9045,1000041,-112.073794,33.48686,stop,POINT (-112.073794   33.486860),Valley Metro,RAIL,0,0,1000041,,,,,
9502,1000042,-111.822135,33.415066,stop,POINT (-111.822135   33.415066),Valley Metro,RAIL,0,0,1000042,,,,,
9040,1000043,-112.073773,33.495749,stop,POINT (-112.073773   33.495749),Valley Metro,RAIL,0,0,1000043,,,,,
9035,1000044,-112.073768,33.501398,stop,POINT (-112.073768   33.501398),Valley Metro,RAIL,0,0,1000044,,,,,
9037,1000045,-112.075395,33.508766,stop,POINT (-112.075395   33.508766),Valley Metro,RAIL,0,0,1000045,,,,,
9034,1000046,-112.083335,33.509288,stop,POINT (-112.083335   33.509288),Valley Metro,RAIL,0,0,1000046,,,,,
9029,1000047,-112.098824,33.509537,stop,POINT (-112.098824   33.509537),Valley Metro,RAIL,0,0,1000047,,,,,
9044,1000048,-112.099722,33.520585,stop,POINT (-112.099722   33.520585),Valley Metro,RAIL,0,0,1000048,,,,,
6655,1000049,-112.099663,33.537448,stop,POINT (-112.099663   33.537448),Valley Metro,RAIL,0,0,1000049,,,,,
6657,1000050,-112.099612,33.55227,stop,POINT (-112.099612   33.552270),Valley Metro,RAIL,0,0,1000050,,,,,
6659,1000051,-112.100848,33.567384,stop,POINT (-112.100848   33.567384),Valley Metro,RAIL,0,0,1000051,,,,,
9498,1000052,-111.830655,33.41511,stop,POINT (-111.830655   33.415110),Valley Metro,RAIL,0,0,1000052,,,,,
9347,1000053,-111.839074,33.41512,stop,POINT (-111.839074   33.415120),Valley Metro,RAIL,0,0,1000053,,,,,
9125,1000054,-111.855564,33.41494,stop,POINT (-111.855564   33.414940),Valley Metro,RAIL,0,0,1000054,,,,,
9050,1000055,-111.870907,33.414855,stop,POINT (-111.870907   33.414855),Valley Metro,RAIL,0,0,1000055,,,,,
9046,1000056,-111.888114,33.414821,stop,POINT (-111.888114   33.414821),Valley Metro,RAIL,0,0,1000056,,,,,
9049,1000057,-111.900799,33.414789,stop,POINT (-111.900799   33.414789),Valley Metro,RAIL,0,1,1000057,,,,,
9763,1000058,-111.790741,33.415331,stop,POINT (-111.790741   33.415331),Valley Metro,RAIL,0,1,1000058,,,,,
6660,1000059,-112.100848,33.567384,stop,POINT (-112.100848   33.567384),Valley Metro,RAIL,0,0,1000059,,,,,
9018,1000060,-112.073794,33.48686,stop,POINT (-112.073794   33.486860),Valley Metro,RAIL,0,0,1000060,,,,,
9024,1000061,-112.073761,33.481233,stop,POINT (-112.073761   33.481233),Valley Metro,RAIL,0,0,1000061,,,,,
9011,1000062,-112.073799,33.473655,stop,POINT (-112.073799   33.473655),Valley Metro,RAIL,0,0,1000062,,,,,
9015,1000063,-112.073811,33.464703,stop,POINT (-112.073811   33.464703),Valley Metro,RAIL,0,0,1000063,,,,,
9021,1000064,-112.074011,33.459391,stop,POINT (-112.074011   33.459391),Valley Metro,RAIL,0,0,1000064,,,,,
9026,1000065,-112.075038,33.451861,stop,POINT (-112.075038   33.451861),Valley Metro,RAIL,0,0,1000065,,,,,
9013,1000066,-112.075234,33.447823,stop,POINT (-112.075234   33.447823),Valley Metro,RAIL,0,0,1000066,,,,,
9004,1000067,-112.069297,33.446274,stop,POINT (-112.069297   33.446274),Valley Metro,RAIL,0,0,1000067,,,,,
9000,1000068,-112.055664,33.447199,stop,POINT (-112.055664   33.447199),Valley Metro,RAIL,0,0,1000068,,,,,
9002,1000069,-112.029262,33.447229,stop,POINT (-112.029262   33.447229),Valley Metro,RAIL,0,0,1000069,,,,,
6658,1000070,-112.099612,33.55227,stop,POINT (-112.099612   33.552270),Valley Metro,RAIL,0,0,1000070,,,,,
9003,1000071,-111.999879,33.448102,stop,POINT (-111.999879   33.448102),Valley Metro,RAIL,0,0,1000071,,,,,
9005,1000072,-111.98798,33.448168,stop,POINT (-111.987980   33.448168),Valley Metro,RAIL,0,0,1000072,,,,,
9765,1000073,-111.975231,33.446946,stop,POINT (-111.975231   33.446946),Valley Metro,RAIL,0,0,1000073,,,,,
9020,1000074,-111.956107,33.442008,stop,POINT (-111.956107   33.442008),Valley Metro,RAIL,0,0,1000074,,,,,
9008,1000075,-111.946605,33.438047,stop,POINT (-111.946605   33.438047),Valley Metro,RAIL,0,0,1000075,,,,,
9016,1000076,-111.940697,33.427452,stop,POINT (-111.940697   33.427452),Valley Metro,RAIL,0,0,1000076,,,,,
9027,1000077,-111.935961,33.426069,stop,POINT (-111.935961   33.426069),Valley Metro,RAIL,0,0,1000077,,,,,
9025,1000078,-111.92697,33.420732,stop,POINT (-111.926970   33.420732),Valley Metro,RAIL,0,0,1000078,,,,,
9010,1000079,-111.916899,33.414776,stop,POINT (-111.916899   33.414776),Valley Metro,RAIL,0,0,1000079,,,,,
9014,1000080,-111.908269,33.41474,stop,POINT (-111.908269   33.414740),Valley Metro,RAIL,0,0,1000080,,,,,
6656,1000081,-112.099663,33.537448,stop,POINT (-112.099663   33.537448),Valley Metro,RAIL,0,0,1000081,,,,,
9022,1000082,-111.900799,33.414789,stop,POINT (-111.900799   33.414789),Valley Metro,RAIL,0,0,1000082,,,,,
9019,1000083,-111.888114,33.414821,stop,POINT (-111.888114   33.414821),Valley Metro,RAIL,0,0,1000083,,,,,
9023,1000084,-111.870907,33.414855,stop,POINT (-111.870907   33.414855),Valley Metro,RAIL,0,0,1000084,,,,,
9126,1000085,-111.855564,33.41494,stop,POINT (-111.855564   33.414940),Valley Metro,RAIL,0,0,1000085,,,,,
9353,1000086,-111.839074,33.41512,stop,POINT (-111.839074   33.415120),Valley Metro,RAIL,0,0,1000086,,,,,
9499,1000087,-111.830655,33.41511,stop,POINT (-111.830655   33.415110),Valley Metro,RAIL,0,0,1000087,,,,,
9508,1000088,-111.822135,33.415066,stop,POINT (-111.822135   33.415066),Valley Metro,RAIL,0,0,1000088,,,,,
8328,1000089,-111.803099,33.415225,stop,POINT (-111.803099   33.415225),Valley Metro,RAIL,0,0,1000089,,,,,
9017,1000090,-112.099722,33.520585,stop,POINT (-112.099722   33.520585),Valley Metro,RAIL,0,0,1000090,,,,,
9001,1000091,-112.098823,33.509537,stop,POINT (-112.098823   33.509537),Valley Metro,RAIL,0,0,1000091,,,,,
9006,1000092,-112.083335,33.509288,stop,POINT (-112.083335   33.509288),Valley Metro,RAIL,0,0,1000092,,,,,
9009,1000093,-112.075192,33.50855,stop,POINT (-112.075192   33.508550),Valley Metro,RAIL,0,0,1000093,,,,,
9007,1000094,-112.073768,33.501398,stop,POINT (-112.073768   33.501398),Valley Metro,RAIL,0,0,1000094,,,,,
9012,1000095,-112.073773,33.495749,stop,POINT (-112.073773   33.495749),Valley Metro,RAIL,0,1,1000095,,,,,
S.1.9766:1;10;11;12;2;3;4;5;6;7;8;9,1500001,-111.932784,33.429252,tram_service_node,POINT (-111.932784 33.429252),Valley Metro,S,0,1,1000001,,,,S.1,S.1:1;10;11;12;2;3;4;5;6;7;8;9
S.1.9666:1;10;11;12;2;3;4;5;6;7;8;9,1500002,-111.929471,33.414634,tram_service_node,POINT (-111.929471 33.414634),Valley Metro,S,0,0,1000002,,,,S.1,S.1:1;10;11;12;2;3;4;5;6;7;8;9
S.1.9099:1;10;11;12;2;3;4;5;6;7;8;9,1500003,-111.92535000000001,33.41466,tram_service_node,POINT (-111.92535000000001 33.41466),Valley Metro,S,0,0,1000003,,,,S.1,S.1:1;10;11;12;2;3;4;5;6;7;8;9
S.1.9694:1;10;11;12;2;3;4;5;6;7;8;9,1500004,-111.91708100000001,33.414553,tram_service_node,POINT (-111.91708100000001 33.414553),Valley Metro,S,0,0,1000004,,,,S.1,S.1:1;10;11;12;2;3;4;5;6;7;8;9
S.1.9419:1;10;11;12;2;3;4;5;6;7;8;9,1500005,-111.938271,33.430035999999994,tram_service_node,POINT (-111.938271 33.430035999999994),Valley Metro,S,0,0,1000005,,,,S.1,S.1:1;10;11;12;2;3;4;5;6;7;8;9
S.1.9767:1;10;11;12;2;3;4;5;6;7;8;9,1500006,-111.942097,33.429351999999994,tram_service_node,POINT (-111.942097 33.429351999999994),Valley Metro,S,0,0,1000006,,,,S.1,S.1:1;10;11;12;2;3;4;5;6;7;8;9
S.1.9525:1;10;11;12;2;3;4;5;6;7;8;9,1500007,-111.94311900000001,33.427302,tram_service_node,POINT (-111.94311900000001 33.427302),Valley Metro,S,0,0,1000007,,,,S.1,S.1:1;10;11;12;2;3;4;5;6;7;8;9
S.1.9545:1;10;11;12;2;3;4;5;6;7;8;9,1500008,-111.943557,33.425003,tram_service_node,POINT (-111.943557 33.425003),Valley Metro,S,0,0,1000008,,,,S.1,S.1:1;10;11;12;2;3;4;5;6;7;8;9
S.1.9768:1;10;11;12;2;3;4;5;6;7;8;9,1500009,-111.942601,33.422255,tram_service_node,POINT (-111.942601 33.422255),Valley Metro,S,0,0,1000009,,,,S.1,S.1:1;10;11;12;2;3;4;5;6;7;8;9
S.1.9551:1;10;11;12;2;3;4;5;6;7;8;9,1500010,-111.940033,33.420821999999994,tram_service_node,POINT (-111.940033 33.420821999999994),Valley Metro,S,0,0,1000010,,,,S.1,S.1:1;10;11;12;2;3;4;5;6;7;8;9
S.1.9546:1;10;11;12;2;3;4;5;6;7;8;9,1500011,-111.940023,33.417987999999994,tram_service_node,POINT (-111.940023 33.417987999999994),Valley Metro,S,0,0,1000011,,,,S.1,S.1:1;10;11;12;2;3;4;5;6;7;8;9
S.1.9769:1;10;11;12;2;3;4;5;6;7;8;9,1500012,-111.935371,33.414578,tram_service_node,POINT (-111.935371 33.414578),Valley Metro,S,0,1,1000012,,,,S.1,S.1:1;10;11;12;2;3;4;5;6;7;8;9
S.2.9694:1;10;2;3;4;5;6;7;8;9,1500013,-111.91708100000001,33.414553,tram_service_node,POINT (-111.91708100000001 33.414553),Valley Metro,S,0,1,1000004,,,,S.2,S.2:1;10;2;3;4;5;6;7;8;9
S.2.9766:1;10;2;3;4;5;6;7;8;9,1500014,-111.932784,33.429252,tram_service_node,POINT (-111.932784 33.429252),Valley Metro,S,0,0,1000001,,,,S.2,S.2:1;10;2;3;4;5;6;7;8;9
S.2.9721:1;10;2;3;4;5;6;7;8;9,1500015,-111.92535000000001,33.41466,tram_service_node,POINT (-111.92535000000001 33.41466),Valley Metro,S,0,0,1000013,,,,S.2,S.2:1;10;2;3;4;5;6;7;8;9
S.2.8954:1;10;2;3;4;5;6;7;8;9,1500016,-111.929471,33.414634,tram_service_node,POINT (-111.929471 33.414634),Valley Metro,S,0,0,1000014,,,,S.2,S.2:1;10;2;3;4;5;6;7;8;9
S.2.9771:1;10;2;3;4;5;6;7;8;9,1500017,-111.935371,33.414578,tram_service_node,POINT (-111.935371 33.414578),Valley Metro,S,0,0,1000015,,,,S.2,S.2:1;10;2;3;4;5;6;7;8;9
S.2.9731:1;10;2;3;4;5;6;7;8;9,1500018,-111.940005,33.417987999999994,tram_service_node,POINT (-111.940005 33.417987999999994),Valley Metro,S,0,0,1000016,,,,S.2,S.2:1;10;2;3;4;5;6;7;8;9
S.2.9772:1;10;2;3;4;5;6;7;8;9,1500019,-111.940033,33.420821999999994,tram_service_node,POINT (-111.940033 33.420821999999994),Valley Metro,S,0,0,1000017,,,,S.2,S.2:1;10;2;3;4;5;6;7;8;9
S.2.9742:1;10;2;3;4;5;6;7;8;9,1500020,-111.940019,33.424732,tram_service_node,POINT (-111.940019 33.424732),Valley Metro,S,0,0,1000018,,,,S.2,S.2:1;10;2;3;4;5;6;7;8;9
S.2.9734:1;10;2;3;4;5;6;7;8;9,1500021,-111.940028,33.427836,tram_service_node,POINT (-111.940028 33.427836),Valley Metro,S,0,0,1000019,,,,S.2,S.2:1;10;2;3;4;5;6;7;8;9
S.2.9419:1;10;2;3;4;5;6;7;8;9,1500022,-111.938271,33.430035999999994,tram_service_node,POINT (-111.938271 33.430035999999994),Valley Metro,S,0,1,1000005,,,,S.2,S.2:1;10;2;3;4;5;6;7;8;9
RAIL.1.9762:1;10;11;12;13;14;15;16;17;18;19;2;20;21;22;23;24;25;26;27;28;29;3;30;31;32;33;34;35;36;37;38;4;5;6;7;8;9,1500023,-111.790841,33.415231,tram_service_node,POINT (-111.790841 33.415231),Valley Metro,RAIL,0,1,1000020,,,,RAIL.1,RAIL.1:1;10;11;12;13;14;15;16;17;18;19;2;20;21;22;23;24;25;26;27;28;29;3;30;31;32;33;34;35;36;37;38;4;5;6;7;8;9
RAIL.1.9041:1;10;11;12;13;14;15;16;17;18;19;2;20;21;22;23;24;25;26;27;28;29;3;30;31;32;33;34;35;36;37;38;4;5;6;7;8;9,1500024,-111.90836900000001,33.41464,tram_service_node,POINT (-111.90836900000001 33.41464),Valley Metro,RAIL,0,0,1000021,,,,RAIL.1,RAIL.1:1;10;11;12;13;14;15;16;17;18;19;2;20;21;22;23;24;25;26;27;28;29;3;30;31;32;33;34;35;36;37;38;4;5;6;7;8;9
RAIL.1.9038:1;10;11;12;13;14;15;16;17;18;19;2;20;21;22;23;24;25;26;27;28;29;3;30;31;32;33;34;35;36;37;38;4;5;6;7;8;9,1500025,-111.916999,33.414676,tram_service_node,POINT (-111.916999 33.414676),Valley Metro,RAIL,0,0,1000022,,,,RAIL.1,RAIL.1:1;10;11;12;13;14;15;16;17;18;19;2;20;21;22;23;24;25;26;27;28;29;3;30;31;32;33;34;35;36;37;38;4;5;6;7;8;9
RAIL.1.9052:1;10;11;12;13;14;15;16;17;18;19;2;20;21;22;23;24;25;26;27;28;29;3;30;31;32;33;34;35;36;37;38;4;5;6;7;8;9,1500026,-111.92699400000001,33.420714999999994,tram_service_node,POINT (-111.92699400000001 33.420714999999994),Valley Metro,RAIL,0,0,1000023,,,,RAIL.1,RAIL.1:1;10;11;12;13;14;15;16;17;18;19;2;20;21;22;23;24;25;26;27;28;29;3;30;31;32;33;34;35;36;37;38;4;5;6;7;8;9
RAIL.1.9054:1;10;11;12;13;14;15;16;17;18;19;2;20;21;22;23;24;25;26;27;28;29;3;30;31;32;33;34;35;36;37;38;4;5;6;7;8;9,1500027,-111.93603900000001,33.426033999999994,tram_service_node,POINT (-111.93603900000001 33.426033999999994),Valley Metro,RAIL,0,0,1000024,,,,RAIL.1,RAIL.1:1;10;11;12;13;14;15;16;17;18;19;2;20;21;22;23;24;25;26;27;28;29;3;30;31;32;33;34;35;36;37;38;4;5;6;7;8;9
RAIL.1.9043:1;10;11;12;13;14;15;16;17;18;19;2;20;21;22;23;24;25;26;27;28;29;3;30;31;32;33;34;35;36;37;38;4;5;6;7;8;9,1500028,-111.94080000000001,33.427459,tram_service_node,POINT (-111.94080000000001 33.427459),Valley Metro,RAIL,0,0,1000025,,,,RAIL.1,RAIL.1:1;10;11;12;13;14;15;16;17;18;19;2;20;21;22;23;24;25;26;27;28;29;3;30;31;32;33;34;35;36;37;38;4;5;6;7;8;9
RAIL.1.9036:1;10;11;12;13;14;15;16;17;18;19;2;20;21;22;23;24;25;26;27;28;29;3;30;31;32;33;34;35;36;37;38;4;5;6;7;8;9,1500029,-111.94670500000001,33.437946999999994,tram_service_node,POINT (-111.94670500000001 33.437946999999994),Valley Metro,RAIL,0,0,1000026,,,,RAIL.1,RAIL.1:1;10;11;12;13;14;15;16;17;18;19;2;20;21;22;23;24;25;26;27;28;29;3;30;31;32;33;34;35;36;37;38;4;5;6;7;8;9
RAIL.1.9047:1;10;11;12;13;14;15;16;17;18;19;2;20;21;22;23;24;25;26;27;28;29;3;30;31;32;33;34;35;36;37;38;4;5;6;7;8;9,1500030,-111.956207,33.441908,tram_service_node,POINT (-111.956207 33.441908),Valley Metro,RAIL,0,0,1000027,,,,RAIL.1,RAIL.1:1;10;11;12;13;14;15;16;17;18;19;2;20;21;22;23;24;25;26;27;28;29;3;30;31;32;33;34;35;36;37;38;4;5;6;7;8;9
RAIL.1.9764:1;10;11;12;13;14;15;16;17;18;19;2;20;21;22;23;24;25;26;27;28;29;3;30;31;32;33;34;35;36;37;38;4;5;6;7;8;9,1500031,-111.975407,33.446934,tram_service_node,POINT (-111.975407 33.446934),Valley Metro,RAIL,0,0,1000028,,,,RAIL.1,RAIL.1:1;10;11;12;13;14;15;16;17;18;19;2;20;21;22;23;24;25;26;27;28;29;3;30;31;32;33;34;35;36;37;38;4;5;6;7;8;9
RAIL.1.9033:1;10;11;12;13;14;15;16;17;18;19;2;20;21;22;23;24;25;26;27;28;29;3;30;31;32;33;34;35;36;37;38;4;5;6;7;8;9,1500032,-111.98808,33.448068,tram_service_node,POINT (-111.98808 33.448068),Valley Metro,RAIL,0,0,1000029,,,,RAIL.1,RAIL.1:1;10;11;12;13;14;15;16;17;18;19;2;20;21;22;23;24;25;26;27;28;29;3;30;31;32;33;34;35;36;37;38;4;5;6;7;8;9
RAIL.1.9031:1;10;11;12;13;14;15;16;17;18;19;2;20;21;22;23;24;25;26;27;28;29;3;30;31;32;33;34;35;36;37;38;4;5;6;7;8;9,1500033,-111.99997900000001,33.448001999999995,tram_service_node,POINT (-111.99997900000001 33.448001999999995),Valley Metro,RAIL,0,0,1000030,,,,RAIL.1,RAIL.1:1;10;11;12;13;14;15;16;17;18;19;2;20;21;22;23;24;25;26;27;28;29;3;30;31;32;33;34;35;36;37;38;4;5;6;7;8;9
RAIL.1.8329:1;10;11;12;13;14;15;16;17;18;19;2;20;21;22;23;24;25;26;27;28;29;3;30;31;32;33;34;35;36;37;38;4;5;6;7;8;9,1500034,-111.803199,33.415124999999996,tram_service_node,POINT (-111.803199 33.415124999999996),Valley Metro,RAIL,0,0,1000031,,,,RAIL.1,RAIL.1:1;10;11;12;13;14;15;16;17;18;19;2;20;21;22;23;24;25;26;27;28;29;3;30;31;32;33;34;35;36;37;38;4;5;6;7;8;9
RAIL.1.9030:1;10;11;12;13;14;15;16;17;18;19;2;20;21;22;23;24;25;26;27;28;29;3;30;31;32;33;34;35;36;37;38;4;5;6;7;8;9,1500035,-112.029385,33.448091999999995,tram_service_node,POINT (-112.029385 33.448091999999995),Valley Metro,RAIL,0,0,1000032,,,,RAIL.1,RAIL.1:1;10;11;12;13;14;15;16;17;18;19;2;20;21;22;23;24;25;26;27;28;29;3;30;31;32;33;34;35;36;37;38;4;5;6;7;8;9
RAIL.1.9028:1;10;11;12;13;14;15;16;17;18;19;2;20;21;22;23;24;25;26;27;28;29;3;30;31;32;33;34;35;36;37;38;4;5;6;7;8;9,1500036,-112.05727900000001,33.448147999999996,tram_service_node,POINT (-112.05727900000001 33.448147999999996),Valley Metro,RAIL,0,0,1000033,,,,RAIL.1,RAIL.1:1;10;11;12;13;14;15;16;17;18;19;2;20;21;22;23;24;25;26;27;28;29;3;30;31;32;33;34;35;36;37;38;4;5;6;7;8;9
RAIL.1.9032:1;10;11;12;13;14;15;16;17;18;19;2;20;21;22;23;24;25;26;27;28;29;3;30;31;32;33;34;35;36;37;38;4;5;6;7;8;9,1500037,-112.070695,33.448252,tram_service_node,POINT (-112.070695 33.448252),Valley Metro,RAIL,0,0,1000034,,,,RAIL.1,RAIL.1:1;10;11;12;13;14;15;16;17;18;19;2;20;21;22;23;24;25;26;27;28;29;3;30;31;32;33;34;35;36;37;38;4;5;6;7;8;9
RAIL.1.9055:1;10;11;12;13;14;15;16;17;18;19;2;20;21;22;23;24;25;26;27;28;29;3;30;31;32;33;34;35;36;37;38;4;5;6;7;8;9,1500038,-112.073966,33.448789999999995,tram_service_node,POINT (-112.073966 33.448789999999995),Valley Metro,RAIL,0,0,1000035,,,,RAIL.1,RAIL.1:1;10;11;12;13;14;15;16;17;18;19;2;20;21;22;23;24;25;26;27;28;29;3;30;31;32;33;34;35;36;37;38;4;5;6;7;8;9
RAIL.1.9053:1;10;11;12;13;14;15;16;17;18;19;2;20;21;22;23;24;25;26;27;28;29;3;30;31;32;33;34;35;36;37;38;4;5;6;7;8;9,1500039,-112.074055,33.451822,tram_service_node,POINT (-112.074055 33.451822),Valley Metro,RAIL,0,0,1000036,,,,RAIL.1,RAIL.1:1;10;11;12;13;14;15;16;17;18;19;2;20;21;22;23;24;25;26;27;28;29;3;30;31;32;33;34;35;36;37;38;4;5;6;7;8;9
RAIL.1.9048:1;10;11;12;13;14;15;16;17;18;19;2;20;21;22;23;24;25;26;27;28;29;3;30;31;32;33;34;35;36;37;38;4;5;6;7;8;9,1500040,-112.073974,33.459317999999996,tram_service_node,POINT (-112.073974 33.459317999999996),Valley Metro,RAIL,0,0,1000037,,,,RAIL.1,RAIL.1:1;10;11;12;13;14;15;16;17;18;19;2;20;21;22;23;24;25;26;27;28;29;3;30;31;32;33;34;35;36;37;38;4;5;6;7;8;9
RAIL.1.9042:1;10;11;12;13;14;15;16;17;18;19;2;20;21;22;23;24;25;26;27;28;29;3;30;31;32;33;34;35;36;37;38;4;5;6;7;8;9,1500041,-112.07391100000001,33.464603,tram_service_node,POINT (-112.07391100000001 33.464603),Valley Metro,RAIL,0,0,1000038,,,,RAIL.1,RAIL.1:1;10;11;12;13;14;15;16;17;18;19;2;20;21;22;23;24;25;26;27;28;29;3;30;31;32;33;34;35;36;37;38;4;5;6;7;8;9
RAIL.1.9039:1;10;11;12;13;14;15;16;17;18;19;2;20;21;22;23;24;25;26;27;28;29;3;30;31;32;33;34;35;36;37;38;4;5;6;7;8;9,1500042,-112.073899,33.473555,tram_service_node,POINT (-112.073899 33.473555),Valley Metro,RAIL,0,0,1000039,,,,RAIL.1,RAIL.1:1;10;11;12;13;14;15;16;17;18;19;2;20;21;22;23;24;25;26;27;28;29;3;30;31;32;33;34;35;36;37;38;4;5;6;7;8;9
RAIL.1.9051:1;10;11;12;13;14;15;16;17;18;19;2;20;21;22;23;24;25;26;27;28;29;3;30;31;32;33;34;35;36;37;38;4;5;6;7;8;9,1500043,-112.07386100000001,33.481133,tram_service_node,POINT (-112.07386100000001 33.481133),Valley Metro,RAIL,0,0,1000040,,,,RAIL.1,RAIL.1:1;10;11;12;13;14;15;16;17;18;19;2;20;21;22;23;24;25;26;27;28;29;3;30;31;32;33;34;35;36;37;38;4;5;6;7;8;9
RAIL.1.9045:1;10;11;12;13;14;15;16;17;18;19;2;20;21;22;23;24;25;26;27;28;29;3;30;31;32;33;34;35;36;37;38;4;5;6;7;8;9,1500044,-112.07389400000001,33.48676,tram_service_node,POINT (-112.07389400000001 33.48676),Valley Metro,RAIL,0,0,1000041,,,,RAIL.1,RAIL.1:1;10;11;12;13;14;15;16;17;18;19;2;20;21;22;23;24;25;26;27;28;29;3;30;31;32;33;34;35;36;37;38;4;5;6;7;8;9
RAIL.1.9502:1;10;11;12;13;14;15;16;17;18;19;2;20;21;22;23;24;25;26;27;28;29;3;30;31;32;33;34;35;36;37;38;4;5;6;7;8;9,1500045,-111.822235,33.414966,tram_service_node,POINT (-111.822235 33.414966),Valley Metro,RAIL,0,0,1000042,,,,RAIL.1,RAIL.1:1;10;11;12;13;14;15;16;17;18;19;2;20;21;22;23;24;25;26;27;28;29;3;30;31;32;33;34;35;36;37;38;4;5;6;7;8;9
RAIL.1.9040:1;10;11;12;13;14;15;16;17;18;19;2;20;21;22;23;24;25;26;27;28;29;3;30;31;32;33;34;35;36;37;38;4;5;6;7;8;9,1500046,-112.073873,33.495649,tram_service_node,POINT (-112.073873 33.495649),Valley Metro,RAIL,0,0,1000043,,,,RAIL.1,RAIL.1:1;10;11;12;13;14;15;16;17;18;19;2;20;21;22;23;24;25;26;27;28;29;3;30;31;32;33;34;35;36;37;38;4;5;6;7;8;9
RAIL.1.9035:1;10;11;12;13;14;15;16;17;18;19;2;20;21;22;23;24;25;26;27;28;29;3;30;31;32;33;34;35;36;37;38;4;5;6;7;8;9,1500047,-112.073868,33.501298,tram_service_node,POINT (-112.073868 33.501298),Valley Metro,RAIL,0,0,1000044,,,,RAIL.1,RAIL.1:1;10;11;12;13;14;15;16;17;18;19;2;20;21;22;23;24;25;26;27;28;29;3;30;31;32;33;34;35;36;37;38;4;5;6;7;8;9
RAIL.1.9037:1;10;11;12;13;14;15;16;17;18;19;2;20;21;22;23;24;25;26;27;28;29;3;30;31;32;33;34;35;36;37;38;4;5;6;7;8;9,1500048,-112.075495,33.508666,tram_service_node,POINT (-112.075495 33.508666),Valley Metro,RAIL,0,0,1000045,,,,RAIL.1,RAIL.1:1;10;11;12;13;14;15;16;17;18;19;2;20;21;22;23;24;25;26;27;28;29;3;30;31;32;33;34;35;36;37;38;4;5;6;7;8;9
RAIL.1.9034:1;10;11;12;13;14;15;16;17;18;19;2;20;21;22;23;24;25;26;27;28;29;3;30;31;32;33;34;35;36;37;38;4;5;6;7;8;9,1500049,-112.08343500000001,33.509187999999995,tram_service_node,POINT (-112.08343500000001 33.509187999999995),Valley Metro,RAIL,0,0,1000046,,,,RAIL.1,RAIL.1:1;10;11;12;13;14;15;16;17;18;19;2;20;21;22;23;24;25;26;27;28;29;3;30;31;32;33;34;35;36;37;38;4;5;6;7;8;9
RAIL.1.9029:1;10;11;12;13;14;15;16;17;18;19;2;20;21;22;23;24;25;26;27;28;29;3;30;31;32;33;34;35;36;37;38;4;5;6;7;8;9,1500050,-112.098924,33.509437,tram_service_node,POINT (-112.098924 33.509437),Valley Metro,RAIL,0,0,1000047,,,,RAIL.1,RAIL.1:1;10;11;12;13;14;15;16;17;18;19;2;20;21;22;23;24;25;26;27;28;29;3;30;31;32;33;34;35;36;37;38;4;5;6;7;8;9
RAIL.1.9044:1;10;11;12;13;14;15;16;17;18;19;2;20;21;22;23;24;25;26;27;28;29;3;30;31;32;33;34;35;36;37;38;4;5;6;7;8;9,1500051,-112.099822,33.520484999999994,tram_service_node,POINT (-112.099822 33.520484999999994),Valley Metro,RAIL,0,0,1000048,,,,RAIL.1,RAIL.1:1;10;11;12;13;14;15;16;17;18;19;2;20;21;22;23;24;25;26;27;28;29;3;30;31;32;33;34;35;36;37;38;4;5;6;7;8;9
RAIL.1.6655:1;10;11;12;13;14;15;16;17;18;19;2;20;21;22;23;24;25;26;27;28;29;3;30;31;32;33;34;35;36;37;38;4;5;6;7;8;9,1500052,-112.09976300000001,33.537347999999994,tram_service_node,POINT (-112.09976300000001 33.537347999999994),Valley Metro,RAIL,0,0,1000049,,,,RAIL.1,RAIL.1:1;10;11;12;13;14;15;16;17;18;19;2;20;21;22;23;24;25;26;27;28;29;3;30;31;32;33;34;35;36;37;38;4;5;6;7;8;9
RAIL.1.6657:1;10;11;12;13;14;15;16;17;18;19;2;20;21;22;23;24;25;26;27;28;29;3;30;31;32;33;34;35;36;37;38;4;5;6;7;8;9,1500053,-112.099712,33.55217,tram_service_node,POINT (-112.099712 33.55217),Valley Metro,RAIL,0,0,1000050,,,,RAIL.1,RAIL.1:1;10;11;12;13;14;15;16;17;18;19;2;20;21;22;23;24;25;26;27;28;29;3;30;31;32;33;34;35;36;37;38;4;5;6;7;8;9
RAIL.1.6659:1;10;11;12;13;14;15;16;17;18;19;2;20;21;22;23;24;25;26;27;28;29;3;30;31;32;33;34;35;36;37;38;4;5;6;7;8;9,1500054,-112.100948,33.567283999999994,tram_service_node,POINT (-112.100948 33.567283999999994),Valley Metro,RAIL,0,0,1000051,,,,RAIL.1,RAIL.1:1;10;11;12;13;14;15;16;17;18;19;2;20;21;22;23;24;25;26;27;28;29;3;30;31;32;33;34;35;36;37;38;4;5;6;7;8;9
RAIL.1.9498:1;10;11;12;13;14;15;16;17;18;19;2;20;21;22;23;24;25;26;27;28;29;3;30;31;32;33;34;35;36;37;38;4;5;6;7;8;9,1500055,-111.830755,33.415009999999995,tram_service_node,POINT (-111.830755 33.415009999999995),Valley Metro,RAIL,0,0,1000052,,,,RAIL.1,RAIL.1:1;10;11;12;13;14;15;16;17;18;19;2;20;21;22;23;24;25;26;27;28;29;3;30;31;32;33;34;35;36;37;38;4;5;6;7;8;9
RAIL.1.9347:1;10;11;12;13;14;15;16;17;18;19;2;20;21;22;23;24;25;26;27;28;29;3;30;31;32;33;34;35;36;37;38;4;5;6;7;8;9,1500056,-111.839174,33.41502,tram_service_node,POINT (-111.839174 33.41502),Valley Metro,RAIL,0,0,1000053,,,,RAIL.1,RAIL.1:1;10;11;12;13;14;15;16;17;18;19;2;20;21;22;23;24;25;26;27;28;29;3;30;31;32;33;34;35;36;37;38;4;5;6;7;8;9
RAIL.1.9125:1;10;11;12;13;14;15;16;17;18;19;2;20;21;22;23;24;25;26;27;28;29;3;30;31;32;33;34;35;36;37;38;4;5;6;7;8;9,1500057,-111.855664,33.41484,tram_service_node,POINT (-111.855664 33.41484),Valley Metro,RAIL,0,0,1000054,,,,RAIL.1,RAIL.1:1;10;11;12;13;14;15;16;17;18;19;2;20;21;22;23;24;25;26;27;28;29;3;30;31;32;33;34;35;36;37;38;4;5;6;7;8;9
RAIL.1.9050:1;10;11;12;13;14;15;16;17;18;19;2;20;21;22;23;24;25;26;27;28;29;3;30;31;32;33;34;35;36;37;38;4;5;6;7;8;9,1500058,-111.871007,33.414755,tram_service_node,POINT (-111.871007 33.414755),Valley Metro,RAIL,0,0,1000055,,,,RAIL.1,RAIL.1:1;10;11;12;13;14;15;16;17;18;19;2;20;21;22;23;24;25;26;27;28;29;3;30;31;32;33;34;35;36;37;38;4;5;6;7;8;9
RAIL.1.9046:1;10;11;12;13;14;15;16;17;18;19;2;20;21;22;23;24;25;26;27;28;29;3;30;31;32;33;34;35;36;37;38;4;5;6;7;8;9,1500059,-111.888214,33.414721,tram_service_node,POINT (-111.888214 33.414721),Valley Metro,RAIL,0,0,1000056,,,,RAIL.1,RAIL.1:1;10;11;12;13;14;15;16;17;18;19;2;20;21;22;23;24;25;26;27;28;29;3;30;31;32;33;34;35;36;37;38;4;5;6;7;8;9
RAIL.1.9049:1;10;11;12;13;14;15;16;17;18;19;2;20;21;22;23;24;25;26;27;28;29;3;30;31;32;33;34;35;36;37;38;4;5;6;7;8;9,1500060,-111.90089900000001,33.414688999999996,tram_service_node,POINT (-111.90089900000001 33.414688999999996),Valley Metro,RAIL,0,1,1000057,,,,RAIL.1,RAIL.1:1;10;11;12;13;14;15;16;17;18;19;2;20;21;22;23;24;25;26;27;28;29;3;30;31;32;33;34;35;36;37;38;4;5;6;7;8;9
RAIL.1.9763:1;10;11;12;13;14;15;16;17;18;19;2;20;21;22;23;24;25;26;27;28;29;3;30;31;32;33;34;35;36;37;38;4;5;6;7;8;9,1500061,-111.790841,33.415231,tram_service_node,POINT (-111.790841 33.415231),Valley Metro,RAIL,0,1,1000058,,,,RAIL.1,RAIL.1:1;10;11;12;13;14;15;16;17;18;19;2;20;21;22;23;24;25;26;27;28;29;3;30;31;32;33;34;35;36;37;38;4;5;6;7;8;9
RAIL.1.6660:1;10;11;12;13;14;15;16;17;18;19;2;20;21;22;23;24;25;26;27;28;29;3;30;31;32;33;34;35;36;37;38;4;5;6;7;8;9,1500062,-112.100948,33.567283999999994,tram_service_node,POINT (-112.100948 33.567283999999994),Valley Metro,RAIL,0,0,1000059,,,,RAIL.1,RAIL.1:1;10;11;12;13;14;15;16;17;18;19;2;20;21;22;23;24;25;26;27;28;29;3;30;31;32;33;34;35;36;37;38;4;5;6;7;8;9
RAIL.2.6660:1;10;11;12;13;14;15;16;17;18;19;2;20;21;22;23;24;25;26;27;28;29;3;30;31;32;33;34;35;36;37;38;4;5;6;7;8;9,1500063,-112.100948,33.567283999999994,tram_service_node,POINT (-112.100948 33.567283999999994),Valley Metro,RAIL,0,1,1000059,,,,RAIL.2,RAIL.2:1;10;11;12;13;14;15;16;17;18;19;2;20;21;22;23;24;25;26;27;28;29;3;30;31;32;33;34;35;36;37;38;4;5;6;7;8;9
RAIL.2.9018:1;10;11;12;13;14;15;16;17;18;19;2;20;21;22;23;24;25;26;27;28;29;3;30;31;32;33;34;35;36;37;38;4;5;6;7;8;9,1500064,-112.07389400000001,33.48676,tram_service_node,POINT (-112.07389400000001 33.48676),Valley Metro,RAIL,0,0,1000060,,,,RAIL.2,RAIL.2:1;10;11;12;13;14;15;16;17;18;19;2;20;21;22;23;24;25;26;27;28;29;3;30;31;32;33;34;35;36;37;38;4;5;6;7;8;9
RAIL.2.9024:1;10;11;12;13;14;15;16;17;18;19;2;20;21;22;23;24;25;26;27;28;29;3;30;31;32;33;34;35;36;37;38;4;5;6;7;8;9,1500065,-112.07386100000001,33.481133,tram_service_node,POINT (-112.07386100000001 33.481133),Valley Metro,RAIL,0,0,1000061,,,,RAIL.2,RAIL.2:1;10;11;12;13;14;15;16;17;18;19;2;20;21;22;23;24;25;26;27;28;29;3;30;31;32;33;34;35;36;37;38;4;5;6;7;8;9
RAIL.2.9011:1;10;11;12;13;14;15;16;17;18;19;2;20;21;22;23;24;25;26;27;28;29;3;30;31;32;33;34;35;36;37;38;4;5;6;7;8;9,1500066,-112.073899,33.473555,tram_service_node,POINT (-112.073899 33.473555),Valley Metro,RAIL,0,0,1000062,,,,RAIL.2,RAIL.2:1;10;11;12;13;14;15;16;17;18;19;2;20;21;22;23;24;25;26;27;28;29;3;30;31;32;33;34;35;36;37;38;4;5;6;7;8;9
RAIL.2.9015:1;10;11;12;13;14;15;16;17;18;19;2;20;21;22;23;24;25;26;27;28;29;3;30;31;32;33;34;35;36;37;38;4;5;6;7;8;9,1500067,-112.07391100000001,33.464603,tram_service_node,POINT (-112.07391100000001 33.464603),Valley Metro,RAIL,0,0,1000063,,,,RAIL.2,RAIL.2:1;10;11;12;13;14;15;16;17;18;19;2;20;21;22;23;24;25;26;27;28;29;3;30;31;32;33;34;35;36;37;38;4;5;6;7;8;9
RAIL.2.9021:1;10;11;12;13;14;15;16;17;18;19;2;20;21;22;23;24;25;26;27;28;29;3;30;31;32;33;34;35;36;37;38;4;5;6;7;8;9,1500068,-112.074111,33.45929099999999,tram_service_node,POINT (-112.074111 33.45929099999999),Valley Metro,RAIL,0,0,1000064,,,,RAIL.2,RAIL.2:1;10;11;12;13;14;15;16;17;18;19;2;20;21;22;23;24;25;26;27;28;29;3;30;31;32;33;34;35;36;37;38;4;5;6;7;8;9
RAIL.2.9026:1;10;11;12;13;14;15;16;17;18;19;2;20;21;22;23;24;25;26;27;28;29;3;30;31;32;33;34;35;36;37;38;4;5;6;7;8;9,1500069,-112.07513800000001,33.451761,tram_service_node,POINT (-112.07513800000001 33.451761),Valley Metro,RAIL,0,0,1000065,,,,RAIL.2,RAIL.2:1;10;11;12;13;14;15;16;17;18;19;2;20;21;22;23;24;25;26;27;28;29;3;30;31;32;33;34;35;36;37;38;4;5;6;7;8;9
RAIL.2.9013:1;10;11;12;13;14;15;16;17;18;19;2;20;21;22;23;24;25;26;27;28;29;3;30;31;32;33;34;35;36;37;38;4;5;6;7;8;9,1500070,-112.075334,33.447722999999996,tram_service_node,POINT (-112.075334 33.447722999999996),Valley Metro,RAIL,0,0,1000066,,,,RAIL.2,RAIL.2:1;10;11;12;13;14;15;16;17;18;19;2;20;21;22;23;24;25;26;27;28;29;3;30;31;32;33;34;35;36;37;38;4;5;6;7;8;9
RAIL.2.9004:1;10;11;12;13;14;15;16;17;18;19;2;20;21;22;23;24;25;26;27;28;29;3;30;31;32;33;34;35;36;37;38;4;5;6;7;8;9,1500071,-112.06939700000001,33.446174,tram_service_node,POINT (-112.06939700000001 33.446174),Valley Metro,RAIL,0,0,1000067,,,,RAIL.2,RAIL.2:1;10;11;12;13;14;15;16;17;18;19;2;20;21;22;23;24;25;26;27;28;29;3;30;31;32;33;34;35;36;37;38;4;5;6;7;8;9
RAIL.2.9000:1;10;11;12;13;14;15;16;17;18;19;2;20;21;22;23;24;25;26;27;28;29;3;30;31;32;33;34;35;36;37;38;4;5;6;7;8;9,1500072,-112.055764,33.447098999999994,tram_service_node,POINT (-112.055764 33.447098999999994),Valley Metro,RAIL,0,0,1000068,,,,RAIL.2,RAIL.2:1;10;11;12;13;14;15;16;17;18;19;2;20;21;22;23;24;25;26;27;28;29;3;30;31;32;33;34;35;36;37;38;4;5;6;7;8;9
RAIL.2.9002:1;10;11;12;13;14;15;16;17;18;19;2;20;21;22;23;24;25;26;27;28;29;3;30;31;32;33;34;35;36;37;38;4;5;6;7;8;9,1500073,-112.029362,33.447129,tram_service_node,POINT (-112.029362 33.447129),Valley Metro,RAIL,0,0,1000069,,,,RAIL.2,RAIL.2:1;10;11;12;13;14;15;16;17;18;19;2;20;21;22;23;24;25;26;27;28;29;3;30;31;32;33;34;35;36;37;38;4;5;6;7;8;9
RAIL.2.6658:1;10;11;12;13;14;15;16;17;18;19;2;20;21;22;23;24;25;26;27;28;29;3;30;31;32;33;34;35;36;37;38;4;5;6;7;8;9,1500074,-112.099712,33.55217,tram_service_node,POINT (-112.099712 33.55217),Valley Metro,RAIL,0,0,1000070,,,,RAIL.2,RAIL.2:1;10;11;12;13;14;15;16;17;18;19;2;20;21;22;23;24;25;26;27;28;29;3;30;31;32;33;34;35;36;37;38;4;5;6;7;8;9
RAIL.2.9003:1;10;11;12;13;14;15;16;17;18;19;2;20;21;22;23;24;25;26;27;28;29;3;30;31;32;33;34;35;36;37;38;4;5;6;7;8;9,1500075,-111.99997900000001,33.448001999999995,tram_service_node,POINT (-111.99997900000001 33.448001999999995),Valley Metro,RAIL,0,0,1000071,,,,RAIL.2,RAIL.2:1;10;11;12;13;14;15;16;17;18;19;2;20;21;22;23;24;25;26;27;28;29;3;30;31;32;33;34;35;36;37;38;4;5;6;7;8;9
RAIL.2.9005:1;10;11;12;13;14;15;16;17;18;19;2;20;21;22;23;24;25;26;27;28;29;3;30;31;32;33;34;35;36;37;38;4;5;6;7;8;9,1500076,-111.98808,33.448068,tram_service_node,POINT (-111.98808 33.448068),Valley Metro,RAIL,0,0,1000072,,,,RAIL.2,RAIL.2:1;10;11;12;13;14;15;16;17;18;19;2;20;21;22;23;24;25;26;27;28;29;3;30;31;32;33;34;35;36;37;38;4;5;6;7;8;9
RAIL.2.9765:1;10;11;12;13;14;15;16;17;18;19;2;20;21;22;23;24;25;26;27;28;29;3;30;31;32;33;34;35;36;37;38;4;5;6;7;8;9,1500077,-111.975331,33.446845999999994,tram_service_node,POINT (-111.975331 33.446845999999994),Valley Metro,RAIL,0,0,1000073,,,,RAIL.2,RAIL.2:1;10;11;12;13;14;15;16;17;18;19;2;20;21;22;23;24;25;26;27;28;29;3;30;31;32;33;34;35;36;37;38;4;5;6;7;8;9
RAIL.2.9020:1;10;11;12;13;14;15;16;17;18;19;2;20;21;22;23;24;25;26;27;28;29;3;30;31;32;33;34;35;36;37;38;4;5;6;7;8;9,1500078,-111.956207,33.441908,tram_service_node,POINT (-111.956207 33.441908),Valley Metro,RAIL,0,0,1000074,,,,RAIL.2,RAIL.2:1;10;11;12;13;14;15;16;17;18;19;2;20;21;22;23;24;25;26;27;28;29;3;30;31;32;33;34;35;36;37;38;4;5;6;7;8;9
RAIL.2.9008:1;10;11;12;13;14;15;16;17;18;19;2;20;21;22;23;24;25;26;27;28;29;3;30;31;32;33;34;35;36;37;38;4;5;6;7;8;9,1500079,-111.94670500000001,33.437946999999994,tram_service_node,POINT (-111.94670500000001 33.437946999999994),Valley Metro,RAIL,0,0,1000075,,,,RAIL.2,RAIL.2:1;10;11;12;13;14;15;16;17;18;19;2;20;21;22;23;24;25;26;27;28;29;3;30;31;32;33;34;35;36;37;38;4;5;6;7;8;9
RAIL.2.9016:1;10;11;12;13;14;15;16;17;18;19;2;20;21;22;23;24;25;26;27;28;29;3;30;31;32;33;34;35;36;37;38;4;5;6;7;8;9,1500080,-111.940797,33.427352,tram_service_node,POINT (-111.940797 33.427352),Valley Metro,RAIL,0,0,1000076,,,,RAIL.2,RAIL.2:1;10;11;12;13;14;15;16;17;18;19;2;20;21;22;23;24;25;26;27;28;29;3;30;31;32;33;34;35;36;37;38;4;5;6;7;8;9
RAIL.2.9027:1;10;11;12;13;14;15;16;17;18;19;2;20;21;22;23;24;25;26;27;28;29;3;30;31;32;33;34;35;36;37;38;4;5;6;7;8;9,1500081,-111.93606100000001,33.425968999999995,tram_service_node,POINT (-111.93606100000001 33.425968999999995),Valley Metro,RAIL,0,0,1000077,,,,RAIL.2,RAIL.2:1;10;11;12;13;14;15;16;17;18;19;2;20;21;22;23;24;25;26;27;28;29;3;30;31;32;33;34;35;36;37;38;4;5;6;7;8;9
RAIL.2.9025:1;10;11;12;13;14;15;16;17;18;19;2;20;21;22;23;24;25;26;27;28;29;3;30;31;32;33;34;35;36;37;38;4;5;6;7;8;9,1500082,-111.92707,33.420632,tram_service_node,POINT (-111.92707 33.420632),Valley Metro,RAIL,0,0,1000078,,,,RAIL.2,RAIL.2:1;10;11;12;13;14;15;16;17;18;19;2;20;21;22;23;24;25;26;27;28;29;3;30;31;32;33;34;35;36;37;38;4;5;6;7;8;9
RAIL.2.9010:1;10;11;12;13;14;15;16;17;18;19;2;20;21;22;23;24;25;26;27;28;29;3;30;31;32;33;34;35;36;37;38;4;5;6;7;8;9,1500083,-111.916999,33.414676,tram_service_node,POINT (-111.916999 33.414676),Valley Metro,RAIL,0,0,1000079,,,,RAIL.2,RAIL.2:1;10;11;12;13;14;15;16;17;18;19;2;20;21;22;23;24;25;26;27;28;29;3;30;31;32;33;34;35;36;37;38;4;5;6;7;8;9
RAIL.2.9014:1;10;11;12;13;14;15;16;17;18;19;2;20;21;22;23;24;25;26;27;28;29;3;30;31;32;33;34;35;36;37;38;4;5;6;7;8;9,1500084,-111.90836900000001,33.41464,tram_service_node,POINT (-111.90836900000001 33.41464),Valley Metro,RAIL,0,0,1000080,,,,RAIL.2,RAIL.2:1;10;11;12;13;14;15;16;17;18;19;2;20;21;22;23;24;25;26;27;28;29;3;30;31;32;33;34;35;36;37;38;4;5;6;7;8;9
RAIL.2.6656:1;10;11;12;13;14;15;16;17;18;19;2;20;21;22;23;24;25;26;27;28;29;3;30;31;32;33;34;35;36;37;38;4;5;6;7;8;9,1500085,-112.09976300000001,33.537347999999994,tram_service_node,POINT (-112.09976300000001 33.537347999999994),Valley Metro,RAIL,0,0,1000081,,,,RAIL.2,RAIL.2:1;10;11;12;13;14;15;16;17;18;19;2;20;21;22;23;24;25;26;27;28;29;3;30;31;32;33;34;35;36;37;38;4;5;6;7;8;9
RAIL.2.9022:1;10;11;12;13;14;15;16;17;18;19;2;20;21;22;23;24;25;26;27;28;29;3;30;31;32;33;34;35;36;37;38;4;5;6;7;8;9,1500086,-111.90089900000001,33.414688999999996,tram_service_node,POINT (-111.90089900000001 33.414688999999996),Valley Metro,RAIL,0,0,1000082,,,,RAIL.2,RAIL.2:1;10;11;12;13;14;15;16;17;18;19;2;20;21;22;23;24;25;26;27;28;29;3;30;31;32;33;34;35;36;37;38;4;5;6;7;8;9
RAIL.2.9019:1;10;11;12;13;14;15;16;17;18;19;2;20;21;22;23;24;25;26;27;28;29;3;30;31;32;33;34;35;36;37;38;4;5;6;7;8;9,1500087,-111.888214,33.414721,tram_service_node,POINT (-111.888214 33.414721),Valley Metro,RAIL,0,0,1000083,,,,RAIL.2,RAIL.2:1;10;11;12;13;14;15;16;17;18;19;2;20;21;22;23;24;25;26;27;28;29;3;30;31;32;33;34;35;36;37;38;4;5;6;7;8;9
RAIL.2.9023:1;10;11;12;13;14;15;16;17;18;19;2;20;21;22;23;24;25;26;27;28;29;3;30;31;32;33;34;35;36;37;38;4;5;6;7;8;9,1500088,-111.871007,33.414755,tram_service_node,POINT (-111.871007 33.414755),Valley Metro,RAIL,0,0,1000084,,,,RAIL.2,RAIL.2:1;10;11;12;13;14;15;16;17;18;19;2;20;21;22;23;24;25;26;27;28;29;3;30;31;32;33;34;35;36;37;38;4;5;6;7;8;9
RAIL.2.9126:1;10;11;12;13;14;15;16;17;18;19;2;20;21;22;23;24;25;26;27;28;29;3;30;31;32;33;34;35;36;37;38;4;5;6;7;8;9,1500089,-111.855664,33.41484,tram_service_node,POINT (-111.855664 33.41484),Valley Metro,RAIL,0,0,1000085,,,,RAIL.2,RAIL.2:1;10;11;12;13;14;15;16;17;18;19;2;20;21;22;23;24;25;26;27;28;29;3;30;31;32;33;34;35;36;37;38;4;5;6;7;8;9
RAIL.2.9353:1;10;11;12;13;14;15;16;17;18;19;2;20;21;22;23;24;25;26;27;28;29;3;30;31;32;33;34;35;36;37;38;4;5;6;7;8;9,1500090,-111.839174,33.41502,tram_service_node,POINT (-111.839174 33.41502),Valley Metro,RAIL,0,0,1000086,,,,RAIL.2,RAIL.2:1;10;11;12;13;14;15;16;17;18;19;2;20;21;22;23;24;25;26;27;28;29;3;30;31;32;33;34;35;36;37;38;4;5;6;7;8;9
RAIL.2.9499:1;10;11;12;13;14;15;16;17;18;19;2;20;21;22;23;24;25;26;27;28;29;3;30;31;32;33;34;35;36;37;38;4;5;6;7;8;9,1500091,-111.830755,33.415009999999995,tram_service_node,POINT (-111.830755 33.415009999999995),Valley Metro,RAIL,0,0,1000087,,,,RAIL.2,RAIL.2:1;10;11;12;13;14;15;16;17;18;19;2;20;21;22;23;24;25;26;27;28;29;3;30;31;32;33;34;35;36;37;38;4;5;6;7;8;9
RAIL.2.9508:1;10;11;12;13;14;15;16;17;18;19;2;20;21;22;23;24;25;26;27;28;29;3;30;31;32;33;34;35;36;37;38;4;5;6;7;8;9,1500092,-111.822235,33.414966,tram_service_node,POINT (-111.822235 33.414966),Valley Metro,RAIL,0,0,1000088,,,,RAIL.2,RAIL.2:1;10;11;12;13;14;15;16;17;18;19;2;20;21;22;23;24;25;26;27;28;29;3;30;31;32;33;34;35;36;37;38;4;5;6;7;8;9
RAIL.2.8328:1;10;11;12;13;14;15;16;17;18;19;2;20;21;22;23;24;25;26;27;28;29;3;30;31;32;33;34;35;36;37;38;4;5;6;7;8;9,1500093,-111.803199,33.415124999999996,tram_service_node,POINT (-111.803199 33.415124999999996),Valley Metro,RAIL,0,0,1000089,,,,RAIL.2,RAIL.2:1;10;11;12;13;14;15;16;17;18;19;2;20;21;22;23;24;25;26;27;28;29;3;30;31;32;33;34;35;36;37;38;4;5;6;7;8;9
RAIL.2.9762:1;10;11;12;13;14;15;16;17;18;19;2;20;21;22;23;24;25;26;27;28;29;3;30;31;32;33;34;35;36;37;38;4;5;6;7;8;9,1500094,-111.790841,33.415231,tram_service_node,POINT (-111.790841 33.415231),Valley Metro,RAIL,0,0,1000020,,,,RAIL.2,RAIL.2:1;10;11;12;13;14;15;16;17;18;19;2;20;21;22;23;24;25;26;27;28;29;3;30;31;32;33;34;35;36;37;38;4;5;6;7;8;9
RAIL.2.9017:1;10;11;12;13;14;15;16;17;18;19;2;20;21;22;23;24;25;26;27;28;29;3;30;31;32;33;34;35;36;37;38;4;5;6;7;8;9,1500095,-112.099822,33.520484999999994,tram_service_node,POINT (-112.099822 33.520484999999994),Valley Metro,RAIL,0,0,1000090,,,,RAIL.2,RAIL.2:1;10;11;12;13;14;15;16;17;18;19;2;20;21;22;23;24;25;26;27;28;29;3;30;31;32;33;34;35;36;37;38;4;5;6;7;8;9
RAIL.2.9001:1;10;11;12;13;14;15;16;17;18;19;2;20;21;22;23;24;25;26;27;28;29;3;30;31;32;33;34;35;36;37;38;4;5;6;7;8;9,1500096,-112.098923,33.509437,tram_service_node,POINT (-112.098923 33.509437),Valley Metro,RAIL,0,0,1000091,,,,RAIL.2,RAIL.2:1;10;11;12;13;14;15;16;17;18;19;2;20;21;22;23;24;25;26;27;28;29;3;30;31;32;33;34;35;36;37;38;4;5;6;7;8;9
RAIL.2.9006:1;10;11;12;13;14;15;16;17;18;19;2;20;21;22;23;24;25;26;27;28;29;3;30;31;32;33;34;35;36;37;38;4;5;6;7;8;9,1500097,-112.08343500000001,33.509187999999995,tram_service_node,POINT (-112.08343500000001 33.509187999999995),Valley Metro,RAIL,0,0,1000092,,,,RAIL.2,RAIL.2:1;10;11;12;13;14;15;16;17;18;19;2;20;21;22;23;24;25;26;27;28;29;3;30;31;32;33;34;35;36;37;38;4;5;6;7;8;9
RAIL.2.9009:1;10;11;12;13;14;15;16;17;18;19;2;20;21;22;23;24;25;26;27;28;29;3;30;31;32;33;34;35;36;37;38;4;5;6;7;8;9,1500098,-112.075292,33.508449999999996,tram_service_node,POINT (-112.075292 33.508449999999996),Valley Metro,RAIL,0,0,1000093,,,,RAIL.2,RAIL.2:1;10;11;12;13;14;15;16;17;18;19;2;20;21;22;23;24;25;26;27;28;29;3;30;31;32;33;34;35;36;37;38;4;5;6;7;8;9
RAIL.2.9007:1;10;11;12;13;14;15;16;17;18;19;2;20;21;22;23;24;25;26;27;28;29;3;30;31;32;33;34;35;36;37;38;4;5;6;7;8;9,1500099,-112.073868,33.501298,tram_service_node,POINT (-112.073868 33.501298),Valley Metro,RAIL,0,0,1000094,,,,RAIL.2,RAIL.2:1;10;11;12;13;14;15;16;17;18;19;2;20;21;22;23;24;25;26;27;28;29;3;30;31;32;33;34;35;36;37;38;4;5;6;7;8;9
RAIL.2.9012:1;10;11;12;13;14;15;16;17;18;19;2;20;21;22;23;24;25;26;27;28;29;3;30;31;32;33;34;35;36;37;38;4;5;6;7;8;9,1500100,-112.073873,33.495649,tram_service_node,POINT (-112.073873 33.495649),Valley Metro,RAIL,0,1,1000095,,,,RAIL.2,RAIL.2:1;10;11;12;13;14;15;16;17;18;19;2;20;21;22;23;24;25;26;27;28;29;3;30;31;32;33;34;35;36;37;38;4;5;6;7;8;9
RAIL.2.6659:1;10;11;12;13;14;15;16;17;18;19;2;20;21;22;23;24;25;26;27;28;29;3;30;31;32;33;34;35;36;37;38;4;5;6;7;8;9,1500101,-112.100948,33.567283999999994,tram_service_node,POINT (-112.100948 33.567283999999994),Valley Metro,RAIL,0,1,1000051,,,,RAIL.2,RAIL.2:1;10;11;12;13;14;15;16;17;18;19;2;20;21;22;23;24;25;26;27;28;29;3;30;31;32;33;34;35;36;37;38;4;5;6;7;8;9
RAIL.2.9763:1;10;11;12;13;14;15;16;17;18;19;2;20;21;22;23;24;25;26;27;28;29;3;30;31;32;33;34;35;36;37;38;4;5;6;7;8;9,1500102,-111.790841,33.415231,tram_service_node,POINT (-111.790841 33.415231),Valley Metro,RAIL,0,0,1000058,,,,RAIL.2,RAIL.2:1;10;11;12;13;14;15;16;17;18;19;2;20;21;22;23;24;25;26;27;28;29;3;30;31;32;33;34;35;36;37;38;4;5;6;7;8;9
