mode_type,origin_zone_id,destination_zone_id,google_maps_http_link
transit,1,1,"https://www.google.com/maps/dir/37.803471,-122.271589/37.803471,-122.271589/"
transit,1,18,"https://www.google.com/maps/dir/37.803471,-122.271589/37.701692,-121.899242/"
transit,2,32,"https://www.google.com/maps/dir/37.765176,-122.419755/37.713256,-122.212237/"
transit,3,3,"https://www.google.com/maps/dir/37.808060,-122.268722/37.808060,-122.268722/"
transit,3,49,"https://www.google.com/maps/dir/37.808060,-122.268722/37.699760,-121.928301/"
transit,4,4,"https://www.google.com/maps/dir/37.752422,-122.418518/37.752422,-122.418518/"
transit,5,5,"https://www.google.com/maps/dir/37.995415,-121.780353/37.995415,-121.780353/"
transit,5,6,"https://www.google.com/maps/dir/37.995415,-121.780353/37.853069,-122.269750/"
transit,5,9,"https://www.google.com/maps/dir/37.995415,-121.780353/37.368495,-121.874661/"
transit,5,10,"https://www.google.com/maps/dir/37.995415,-121.780353/37.690776,-122.075615/"
transit,5,13,"https://www.google.com/maps/dir/37.995415,-121.780353/37.753604,-122.196698/"
transit,5,16,"https://www.google.com/maps/dir/37.995415,-121.780353/37.870117,-122.268078/"
transit,5,18,"https://www.google.com/maps/dir/37.995415,-121.780353/37.701692,-121.899242/"
transit,5,20,"https://www.google.com/maps/dir/37.995415,-121.780353/37.557513,-121.976605/"
transit,5,21,"https://www.google.com/maps/dir/37.995415,-121.780353/37.774873,-122.224067/"
transit,5,23,"https://www.google.com/maps/dir/37.995415,-121.780353/37.669731,-122.086941/"
transit,5,25,"https://www.google.com/maps/dir/37.995415,-121.780353/37.797357,-122.265232/"
transit,5,27,"https://www.google.com/maps/dir/37.995415,-121.780353/37.600199,-122.386840/"
transit,5,30,"https://www.google.com/maps/dir/37.995415,-121.780353/37.874032,-122.283508/"
transit,5,32,"https://www.google.com/maps/dir/37.995415,-121.780353/37.713256,-122.212237/"
transit,5,37,"https://www.google.com/maps/dir/37.995415,-121.780353/37.902633,-122.298895/"
transit,5,39,"https://www.google.com/maps/dir/37.995415,-121.780353/37.936795,-122.353004/"
transit,5,41,"https://www.google.com/maps/dir/37.995415,-121.780353/37.721806,-122.160713/"
transit,5,44,"https://www.google.com/maps/dir/37.995415,-121.780353/37.634363,-122.057158/"
transit,5,46,"https://www.google.com/maps/dir/37.995415,-121.780353/37.590765,-122.017230/"
transit,5,47,"https://www.google.com/maps/dir/37.995415,-121.780353/37.502307,-121.939358/"
transit,6,18,"https://www.google.com/maps/dir/37.853069,-122.269750/37.701692,-121.899242/"
transit,6,35,"https://www.google.com/maps/dir/37.853069,-122.269750/37.928463,-122.056015/"
transit,6,49,"https://www.google.com/maps/dir/37.853069,-122.269750/37.699760,-121.928301/"
transit,8,8,"https://www.google.com/maps/dir/37.696938,-122.126431/37.696938,-122.126431/"
transit,8,14,"https://www.google.com/maps/dir/37.696938,-122.126431/37.973773,-122.029126/"
transit,8,24,"https://www.google.com/maps/dir/37.696938,-122.126431/37.893220,-122.124644/"
transit,8,31,"https://www.google.com/maps/dir/37.696938,-122.126431/38.003407,-122.024561/"
transit,8,33,"https://www.google.com/maps/dir/37.696938,-122.126431/37.878503,-122.183717/"
transit,8,35,"https://www.google.com/maps/dir/37.696938,-122.126431/37.928463,-122.056015/"
transit,8,40,"https://www.google.com/maps/dir/37.696938,-122.126431/37.844795,-122.251271/"
transit,8,42,"https://www.google.com/maps/dir/37.696938,-122.126431/37.637720,-122.416384/"
transit,8,45,"https://www.google.com/maps/dir/37.696938,-122.126431/37.664437,-122.444254/"
transit,9,9,"https://www.google.com/maps/dir/37.368495,-121.874661/37.368495,-121.874661/"
transit,9,10,"https://www.google.com/maps/dir/37.368495,-121.874661/37.690776,-122.075615/"
transit,9,18,"https://www.google.com/maps/dir/37.368495,-121.874661/37.701692,-121.899242/"
transit,9,24,"https://www.google.com/maps/dir/37.368495,-121.874661/37.893220,-122.124644/"
transit,9,48,"https://www.google.com/maps/dir/37.368495,-121.874661/37.905812,-122.067379/"
transit,10,1,"https://www.google.com/maps/dir/37.690776,-122.075615/37.803471,-122.271589/"
transit,10,3,"https://www.google.com/maps/dir/37.690776,-122.075615/37.808060,-122.268722/"
transit,10,9,"https://www.google.com/maps/dir/37.690776,-122.075615/37.368495,-121.874661/"
transit,10,10,"https://www.google.com/maps/dir/37.690776,-122.075615/37.690776,-122.075615/"
transit,10,14,"https://www.google.com/maps/dir/37.690776,-122.075615/37.973773,-122.029126/"
transit,10,16,"https://www.google.com/maps/dir/37.690776,-122.075615/37.870117,-122.268078/"
transit,10,20,"https://www.google.com/maps/dir/37.690776,-122.075615/37.557513,-121.976605/"
transit,10,26,"https://www.google.com/maps/dir/37.690776,-122.075615/37.828814,-122.267163/"
transit,10,43,"https://www.google.com/maps/dir/37.690776,-122.075615/37.616023,-122.391895/"
transit,10,44,"https://www.google.com/maps/dir/37.690776,-122.075615/37.634363,-122.057158/"
transit,10,46,"https://www.google.com/maps/dir/37.690776,-122.075615/37.590765,-122.017230/"
transit,10,47,"https://www.google.com/maps/dir/37.690776,-122.075615/37.502307,-121.939358/"
transit,11,11,"https://www.google.com/maps/dir/37.779450,-122.413879/37.779450,-122.413879/"
transit,11,32,"https://www.google.com/maps/dir/37.779450,-122.413879/37.713256,-122.212237/"
transit,12,12,"https://www.google.com/maps/dir/37.684642,-122.466167/37.684642,-122.466167/"
transit,12,18,"https://www.google.com/maps/dir/37.684642,-122.466167/37.701692,-121.899242/"
transit,12,25,"https://www.google.com/maps/dir/37.684642,-122.466167/37.797357,-122.265232/"
transit,12,46,"https://www.google.com/maps/dir/37.684642,-122.466167/37.590765,-122.017230/"
transit,13,13,"https://www.google.com/maps/dir/37.753604,-122.196698/37.753604,-122.196698/"
transit,13,24,"https://www.google.com/maps/dir/37.753604,-122.196698/37.893220,-122.124644/"
transit,13,27,"https://www.google.com/maps/dir/37.753604,-122.196698/37.600199,-122.386840/"
transit,13,40,"https://www.google.com/maps/dir/37.753604,-122.196698/37.844795,-122.251271/"
transit,13,42,"https://www.google.com/maps/dir/37.753604,-122.196698/37.637720,-122.416384/"
transit,13,43,"https://www.google.com/maps/dir/37.753604,-122.196698/37.616023,-122.391895/"
transit,13,48,"https://www.google.com/maps/dir/37.753604,-122.196698/37.905812,-122.067379/"
transit,14,13,"https://www.google.com/maps/dir/37.973773,-122.029126/37.753604,-122.196698/"
transit,14,14,"https://www.google.com/maps/dir/37.973773,-122.029126/37.973773,-122.029126/"
transit,14,16,"https://www.google.com/maps/dir/37.973773,-122.029126/37.870117,-122.268078/"
transit,14,18,"https://www.google.com/maps/dir/37.973773,-122.029126/37.701692,-121.899242/"
transit,14,20,"https://www.google.com/maps/dir/37.973773,-122.029126/37.557513,-121.976605/"
transit,14,21,"https://www.google.com/maps/dir/37.973773,-122.029126/37.774873,-122.224067/"
transit,14,23,"https://www.google.com/maps/dir/37.973773,-122.029126/37.669731,-122.086941/"
transit,14,25,"https://www.google.com/maps/dir/37.973773,-122.029126/37.797357,-122.265232/"
transit,14,27,"https://www.google.com/maps/dir/37.973773,-122.029126/37.600199,-122.386840/"
transit,14,28,"https://www.google.com/maps/dir/37.973773,-122.029126/37.409836,-121.890803/"
transit,14,30,"https://www.google.com/maps/dir/37.973773,-122.029126/37.874032,-122.283508/"
transit,14,32,"https://www.google.com/maps/dir/37.973773,-122.029126/37.713256,-122.212237/"
transit,14,39,"https://www.google.com/maps/dir/37.973773,-122.029126/37.936795,-122.353004/"
transit,14,41,"https://www.google.com/maps/dir/37.973773,-122.029126/37.721806,-122.160713/"
transit,14,44,"https://www.google.com/maps/dir/37.973773,-122.029126/37.634363,-122.057158/"
transit,14,47,"https://www.google.com/maps/dir/37.973773,-122.029126/37.502307,-121.939358/"
transit,15,15,"https://www.google.com/maps/dir/37.706304,-122.468994/37.706304,-122.468994/"
transit,15,32,"https://www.google.com/maps/dir/37.706304,-122.468994/37.713256,-122.212237/"
transit,16,16,"https://www.google.com/maps/dir/37.870117,-122.268078/37.870117,-122.268078/"
transit,16,32,"https://www.google.com/maps/dir/37.870117,-122.268078/37.713256,-122.212237/"
transit,16,34,"https://www.google.com/maps/dir/37.870117,-122.268078/38.016873,-121.889011/"
transit,16,48,"https://www.google.com/maps/dir/37.870117,-122.268078/37.905812,-122.067379/"
transit,17,10,"https://www.google.com/maps/dir/37.925205,-122.316868/37.690776,-122.075615/"
transit,17,14,"https://www.google.com/maps/dir/37.925205,-122.316868/37.973773,-122.029126/"
transit,17,17,"https://www.google.com/maps/dir/37.925205,-122.316868/37.925205,-122.316868/"
transit,17,18,"https://www.google.com/maps/dir/37.925205,-122.316868/37.701692,-121.899242/"
transit,17,24,"https://www.google.com/maps/dir/37.925205,-122.316868/37.893220,-122.124644/"
transit,17,31,"https://www.google.com/maps/dir/37.925205,-122.316868/38.003407,-122.024561/"
transit,17,32,"https://www.google.com/maps/dir/37.925205,-122.316868/37.713256,-122.212237/"
transit,17,35,"https://www.google.com/maps/dir/37.925205,-122.316868/37.928463,-122.056015/"
transit,17,40,"https://www.google.com/maps/dir/37.925205,-122.316868/37.844795,-122.251271/"
transit,17,48,"https://www.google.com/maps/dir/37.925205,-122.316868/37.905812,-122.067379/"
transit,17,49,"https://www.google.com/maps/dir/37.925205,-122.316868/37.699760,-121.928301/"
transit,18,1,"https://www.google.com/maps/dir/37.701692,-121.899242/37.803471,-122.271589/"
transit,18,3,"https://www.google.com/maps/dir/37.701692,-121.899242/37.808060,-122.268722/"
transit,18,6,"https://www.google.com/maps/dir/37.701692,-121.899242/37.853069,-122.269750/"
transit,18,14,"https://www.google.com/maps/dir/37.701692,-121.899242/37.973773,-122.029126/"
transit,18,18,"https://www.google.com/maps/dir/37.701692,-121.899242/37.701692,-121.899242/"
transit,18,20,"https://www.google.com/maps/dir/37.701692,-121.899242/37.557513,-121.976605/"
transit,18,23,"https://www.google.com/maps/dir/37.701692,-121.899242/37.669731,-122.086941/"
transit,18,26,"https://www.google.com/maps/dir/37.701692,-121.899242/37.828814,-122.267163/"
transit,18,27,"https://www.google.com/maps/dir/37.701692,-121.899242/37.600199,-122.386840/"
transit,18,28,"https://www.google.com/maps/dir/37.701692,-121.899242/37.409836,-121.890803/"
transit,18,32,"https://www.google.com/maps/dir/37.701692,-121.899242/37.713256,-122.212237/"
transit,18,43,"https://www.google.com/maps/dir/37.701692,-121.899242/37.616023,-122.391895/"
transit,18,46,"https://www.google.com/maps/dir/37.701692,-121.899242/37.590765,-122.017230/"
transit,18,47,"https://www.google.com/maps/dir/37.701692,-121.899242/37.502307,-121.939358/"
transit,19,19,"https://www.google.com/maps/dir/37.792789,-122.397080/37.792789,-122.397080/"
transit,20,18,"https://www.google.com/maps/dir/37.557513,-121.976605/37.701692,-121.899242/"
transit,20,20,"https://www.google.com/maps/dir/37.557513,-121.976605/37.557513,-121.976605/"
transit,20,40,"https://www.google.com/maps/dir/37.557513,-121.976605/37.844795,-122.251271/"
transit,20,42,"https://www.google.com/maps/dir/37.557513,-121.976605/37.637720,-122.416384/"
transit,20,43,"https://www.google.com/maps/dir/37.557513,-121.976605/37.616023,-122.391895/"
transit,20,45,"https://www.google.com/maps/dir/37.557513,-121.976605/37.664437,-122.444254/"
transit,21,12,"https://www.google.com/maps/dir/37.774873,-122.224067/37.684642,-122.466167/"
transit,21,14,"https://www.google.com/maps/dir/37.774873,-122.224067/37.973773,-122.029126/"
transit,21,21,"https://www.google.com/maps/dir/37.774873,-122.224067/37.774873,-122.224067/"
transit,21,24,"https://www.google.com/maps/dir/37.774873,-122.224067/37.893220,-122.124644/"
transit,21,33,"https://www.google.com/maps/dir/37.774873,-122.224067/37.878503,-122.183717/"
transit,21,34,"https://www.google.com/maps/dir/37.774873,-122.224067/38.016873,-121.889011/"
transit,21,35,"https://www.google.com/maps/dir/37.774873,-122.224067/37.928463,-122.056015/"
transit,21,40,"https://www.google.com/maps/dir/37.774873,-122.224067/37.844795,-122.251271/"
transit,21,42,"https://www.google.com/maps/dir/37.774873,-122.224067/37.637720,-122.416384/"
transit,21,43,"https://www.google.com/maps/dir/37.774873,-122.224067/37.616023,-122.391895/"
transit,21,45,"https://www.google.com/maps/dir/37.774873,-122.224067/37.664437,-122.444254/"
transit,21,48,"https://www.google.com/maps/dir/37.774873,-122.224067/37.905812,-122.067379/"
transit,22,32,"https://www.google.com/maps/dir/37.733269,-122.433557/37.713256,-122.212237/"
transit,23,5,"https://www.google.com/maps/dir/37.669731,-122.086941/37.995415,-121.780353/"
transit,23,14,"https://www.google.com/maps/dir/37.669731,-122.086941/37.973773,-122.029126/"
transit,23,18,"https://www.google.com/maps/dir/37.669731,-122.086941/37.701692,-121.899242/"
transit,23,27,"https://www.google.com/maps/dir/37.669731,-122.086941/37.600199,-122.386840/"
transit,23,31,"https://www.google.com/maps/dir/37.669731,-122.086941/38.003407,-122.024561/"
transit,23,35,"https://www.google.com/maps/dir/37.669731,-122.086941/37.928463,-122.056015/"
transit,23,48,"https://www.google.com/maps/dir/37.669731,-122.086941/37.905812,-122.067379/"
transit,23,49,"https://www.google.com/maps/dir/37.669731,-122.086941/37.699760,-121.928301/"
transit,24,6,"https://www.google.com/maps/dir/37.893220,-122.124644/37.853069,-122.269750/"
transit,24,9,"https://www.google.com/maps/dir/37.893220,-122.124644/37.368495,-121.874661/"
transit,24,16,"https://www.google.com/maps/dir/37.893220,-122.124644/37.870117,-122.268078/"
transit,24,17,"https://www.google.com/maps/dir/37.893220,-122.124644/37.925205,-122.316868/"
transit,24,37,"https://www.google.com/maps/dir/37.893220,-122.124644/37.902633,-122.298895/"
transit,24,41,"https://www.google.com/maps/dir/37.893220,-122.124644/37.721806,-122.160713/"
transit,25,14,"https://www.google.com/maps/dir/37.797357,-122.265232/37.973773,-122.029126/"
transit,25,24,"https://www.google.com/maps/dir/37.797357,-122.265232/37.893220,-122.124644/"
transit,25,25,"https://www.google.com/maps/dir/37.797357,-122.265232/37.797357,-122.265232/"
transit,25,27,"https://www.google.com/maps/dir/37.797357,-122.265232/37.600199,-122.386840/"
transit,25,32,"https://www.google.com/maps/dir/37.797357,-122.265232/37.713256,-122.212237/"
transit,25,35,"https://www.google.com/maps/dir/37.797357,-122.265232/37.928463,-122.056015/"
transit,25,36,"https://www.google.com/maps/dir/37.797357,-122.265232/38.018950,-121.944248/"
transit,25,42,"https://www.google.com/maps/dir/37.797357,-122.265232/37.637720,-122.416384/"
transit,25,43,"https://www.google.com/maps/dir/37.797357,-122.265232/37.616023,-122.391895/"
transit,25,48,"https://www.google.com/maps/dir/37.797357,-122.265232/37.905812,-122.067379/"
transit,26,10,"https://www.google.com/maps/dir/37.828814,-122.267163/37.690776,-122.075615/"
transit,26,18,"https://www.google.com/maps/dir/37.828814,-122.267163/37.701692,-121.899242/"
transit,26,26,"https://www.google.com/maps/dir/37.828814,-122.267163/37.828814,-122.267163/"
transit,26,32,"https://www.google.com/maps/dir/37.828814,-122.267163/37.713256,-122.212237/"
transit,26,49,"https://www.google.com/maps/dir/37.828814,-122.267163/37.699760,-121.928301/"
transit,27,13,"https://www.google.com/maps/dir/37.600199,-122.386840/37.753604,-122.196698/"
transit,27,14,"https://www.google.com/maps/dir/37.600199,-122.386840/37.973773,-122.029126/"
transit,27,21,"https://www.google.com/maps/dir/37.600199,-122.386840/37.774873,-122.224067/"
transit,27,23,"https://www.google.com/maps/dir/37.600199,-122.386840/37.669731,-122.086941/"
transit,27,27,"https://www.google.com/maps/dir/37.600199,-122.386840/37.600199,-122.386840/"
transit,27,47,"https://www.google.com/maps/dir/37.600199,-122.386840/37.502307,-121.939358/"
transit,28,14,"https://www.google.com/maps/dir/37.409836,-121.890803/37.973773,-122.029126/"
transit,28,18,"https://www.google.com/maps/dir/37.409836,-121.890803/37.701692,-121.899242/"
transit,28,28,"https://www.google.com/maps/dir/37.409836,-121.890803/37.409836,-121.890803/"
transit,28,33,"https://www.google.com/maps/dir/37.409836,-121.890803/37.878503,-122.183717/"
transit,28,35,"https://www.google.com/maps/dir/37.409836,-121.890803/37.928463,-122.056015/"
transit,29,29,"https://www.google.com/maps/dir/37.789213,-122.401642/37.789213,-122.401642/"
transit,29,32,"https://www.google.com/maps/dir/37.789213,-122.401642/37.713256,-122.212237/"
transit,30,14,"https://www.google.com/maps/dir/37.874032,-122.283508/37.973773,-122.029126/"
transit,30,32,"https://www.google.com/maps/dir/37.874032,-122.283508/37.713256,-122.212237/"
transit,30,35,"https://www.google.com/maps/dir/37.874032,-122.283508/37.928463,-122.056015/"
transit,30,48,"https://www.google.com/maps/dir/37.874032,-122.283508/37.905812,-122.067379/"
transit,31,13,"https://www.google.com/maps/dir/38.003407,-122.024561/37.753604,-122.196698/"
transit,31,16,"https://www.google.com/maps/dir/38.003407,-122.024561/37.870117,-122.268078/"
transit,31,21,"https://www.google.com/maps/dir/38.003407,-122.024561/37.774873,-122.224067/"
transit,31,23,"https://www.google.com/maps/dir/38.003407,-122.024561/37.669731,-122.086941/"
transit,31,25,"https://www.google.com/maps/dir/38.003407,-122.024561/37.797357,-122.265232/"
transit,31,28,"https://www.google.com/maps/dir/38.003407,-122.024561/37.409836,-121.890803/"
transit,31,32,"https://www.google.com/maps/dir/38.003407,-122.024561/37.713256,-122.212237/"
transit,31,37,"https://www.google.com/maps/dir/38.003407,-122.024561/37.902633,-122.298895/"
transit,31,39,"https://www.google.com/maps/dir/38.003407,-122.024561/37.936795,-122.353004/"
transit,31,41,"https://www.google.com/maps/dir/38.003407,-122.024561/37.721806,-122.160713/"
transit,32,41,"https://www.google.com/maps/dir/37.713256,-122.212237/37.721806,-122.160713/"
transit,33,9,"https://www.google.com/maps/dir/37.878503,-122.183717/37.368495,-121.874661/"
transit,33,17,"https://www.google.com/maps/dir/37.878503,-122.183717/37.925205,-122.316868/"
transit,33,18,"https://www.google.com/maps/dir/37.878503,-122.183717/37.701692,-121.899242/"
transit,33,20,"https://www.google.com/maps/dir/37.878503,-122.183717/37.557513,-121.976605/"
transit,33,25,"https://www.google.com/maps/dir/37.878503,-122.183717/37.797357,-122.265232/"
transit,33,27,"https://www.google.com/maps/dir/37.878503,-122.183717/37.600199,-122.386840/"
transit,33,46,"https://www.google.com/maps/dir/37.878503,-122.183717/37.590765,-122.017230/"
transit,34,13,"https://www.google.com/maps/dir/38.016873,-121.889011/37.753604,-122.196698/"
transit,34,16,"https://www.google.com/maps/dir/38.016873,-121.889011/37.870117,-122.268078/"
transit,34,17,"https://www.google.com/maps/dir/38.016873,-121.889011/37.925205,-122.316868/"
transit,34,20,"https://www.google.com/maps/dir/38.016873,-121.889011/37.557513,-121.976605/"
transit,34,21,"https://www.google.com/maps/dir/38.016873,-121.889011/37.774873,-122.224067/"
transit,34,25,"https://www.google.com/maps/dir/38.016873,-121.889011/37.797357,-122.265232/"
transit,34,27,"https://www.google.com/maps/dir/38.016873,-121.889011/37.600199,-122.386840/"
transit,34,34,"https://www.google.com/maps/dir/38.016873,-121.889011/38.016873,-121.889011/"
transit,34,39,"https://www.google.com/maps/dir/38.016873,-121.889011/37.936795,-122.353004/"
transit,35,8,"https://www.google.com/maps/dir/37.928463,-122.056015/37.696938,-122.126431/"
transit,35,9,"https://www.google.com/maps/dir/37.928463,-122.056015/37.368495,-121.874661/"
transit,35,13,"https://www.google.com/maps/dir/37.928463,-122.056015/37.753604,-122.196698/"
transit,35,16,"https://www.google.com/maps/dir/37.928463,-122.056015/37.870117,-122.268078/"
transit,35,18,"https://www.google.com/maps/dir/37.928463,-122.056015/37.701692,-121.899242/"
transit,35,20,"https://www.google.com/maps/dir/37.928463,-122.056015/37.557513,-121.976605/"
transit,35,21,"https://www.google.com/maps/dir/37.928463,-122.056015/37.774873,-122.224067/"
transit,35,25,"https://www.google.com/maps/dir/37.928463,-122.056015/37.797357,-122.265232/"
transit,35,27,"https://www.google.com/maps/dir/37.928463,-122.056015/37.600199,-122.386840/"
transit,35,28,"https://www.google.com/maps/dir/37.928463,-122.056015/37.409836,-121.890803/"
transit,35,30,"https://www.google.com/maps/dir/37.928463,-122.056015/37.874032,-122.283508/"
transit,35,35,"https://www.google.com/maps/dir/37.928463,-122.056015/37.928463,-122.056015/"
transit,35,37,"https://www.google.com/maps/dir/37.928463,-122.056015/37.902633,-122.298895/"
transit,35,41,"https://www.google.com/maps/dir/37.928463,-122.056015/37.721806,-122.160713/"
transit,35,44,"https://www.google.com/maps/dir/37.928463,-122.056015/37.634363,-122.057158/"
transit,35,46,"https://www.google.com/maps/dir/37.928463,-122.056015/37.590765,-122.017230/"
transit,36,6,"https://www.google.com/maps/dir/38.018950,-121.944248/37.853069,-122.269750/"
transit,36,8,"https://www.google.com/maps/dir/38.018950,-121.944248/37.696938,-122.126431/"
transit,36,9,"https://www.google.com/maps/dir/38.018950,-121.944248/37.368495,-121.874661/"
transit,36,13,"https://www.google.com/maps/dir/38.018950,-121.944248/37.753604,-122.196698/"
transit,36,16,"https://www.google.com/maps/dir/38.018950,-121.944248/37.870117,-122.268078/"
transit,36,17,"https://www.google.com/maps/dir/38.018950,-121.944248/37.925205,-122.316868/"
transit,36,20,"https://www.google.com/maps/dir/38.018950,-121.944248/37.557513,-121.976605/"
transit,36,23,"https://www.google.com/maps/dir/38.018950,-121.944248/37.669731,-122.086941/"
transit,36,25,"https://www.google.com/maps/dir/38.018950,-121.944248/37.797357,-122.265232/"
transit,36,27,"https://www.google.com/maps/dir/38.018950,-121.944248/37.600199,-122.386840/"
transit,36,32,"https://www.google.com/maps/dir/38.018950,-121.944248/37.713256,-122.212237/"
transit,36,37,"https://www.google.com/maps/dir/38.018950,-121.944248/37.902633,-122.298895/"
transit,36,41,"https://www.google.com/maps/dir/38.018950,-121.944248/37.721806,-122.160713/"
transit,36,44,"https://www.google.com/maps/dir/38.018950,-121.944248/37.634363,-122.057158/"
transit,37,14,"https://www.google.com/maps/dir/37.902633,-122.298895/37.973773,-122.029126/"
transit,37,18,"https://www.google.com/maps/dir/37.902633,-122.298895/37.701692,-121.899242/"
transit,37,32,"https://www.google.com/maps/dir/37.902633,-122.298895/37.713256,-122.212237/"
transit,37,35,"https://www.google.com/maps/dir/37.902633,-122.298895/37.928463,-122.056015/"
transit,37,40,"https://www.google.com/maps/dir/37.902633,-122.298895/37.844795,-122.251271/"
transit,37,48,"https://www.google.com/maps/dir/37.902633,-122.298895/37.905812,-122.067379/"
transit,37,49,"https://www.google.com/maps/dir/37.902633,-122.298895/37.699760,-121.928301/"
transit,38,38,"https://www.google.com/maps/dir/37.784645,-122.407387/37.784645,-122.407387/"
transit,39,14,"https://www.google.com/maps/dir/37.936795,-122.353004/37.973773,-122.029126/"
transit,39,18,"https://www.google.com/maps/dir/37.936795,-122.353004/37.701692,-121.899242/"
transit,39,24,"https://www.google.com/maps/dir/37.936795,-122.353004/37.893220,-122.124644/"
transit,39,31,"https://www.google.com/maps/dir/37.936795,-122.353004/38.003407,-122.024561/"
transit,39,32,"https://www.google.com/maps/dir/37.936795,-122.353004/37.713256,-122.212237/"
transit,39,33,"https://www.google.com/maps/dir/37.936795,-122.353004/37.878503,-122.183717/"
transit,39,35,"https://www.google.com/maps/dir/37.936795,-122.353004/37.928463,-122.056015/"
transit,39,36,"https://www.google.com/maps/dir/37.936795,-122.353004/38.018950,-121.944248/"
transit,39,40,"https://www.google.com/maps/dir/37.936795,-122.353004/37.844795,-122.251271/"
transit,39,48,"https://www.google.com/maps/dir/37.936795,-122.353004/37.905812,-122.067379/"
transit,40,16,"https://www.google.com/maps/dir/37.844795,-122.251271/37.870117,-122.268078/"
transit,40,17,"https://www.google.com/maps/dir/37.844795,-122.251271/37.925205,-122.316868/"
transit,40,23,"https://www.google.com/maps/dir/37.844795,-122.251271/37.669731,-122.086941/"
transit,40,27,"https://www.google.com/maps/dir/37.844795,-122.251271/37.600199,-122.386840/"
transit,40,28,"https://www.google.com/maps/dir/37.844795,-122.251271/37.409836,-121.890803/"
transit,40,30,"https://www.google.com/maps/dir/37.844795,-122.251271/37.874032,-122.283508/"
transit,40,32,"https://www.google.com/maps/dir/37.844795,-122.251271/37.713256,-122.212237/"
transit,40,39,"https://www.google.com/maps/dir/37.844795,-122.251271/37.936795,-122.353004/"
transit,40,40,"https://www.google.com/maps/dir/37.844795,-122.251271/37.844795,-122.251271/"
transit,41,12,"https://www.google.com/maps/dir/37.721806,-122.160713/37.684642,-122.466167/"
transit,41,14,"https://www.google.com/maps/dir/37.721806,-122.160713/37.973773,-122.029126/"
transit,41,24,"https://www.google.com/maps/dir/37.721806,-122.160713/37.893220,-122.124644/"
transit,41,35,"https://www.google.com/maps/dir/37.721806,-122.160713/37.928463,-122.056015/"
transit,41,40,"https://www.google.com/maps/dir/37.721806,-122.160713/37.844795,-122.251271/"
transit,41,42,"https://www.google.com/maps/dir/37.721806,-122.160713/37.637720,-122.416384/"
transit,41,43,"https://www.google.com/maps/dir/37.721806,-122.160713/37.616023,-122.391895/"
transit,41,45,"https://www.google.com/maps/dir/37.721806,-122.160713/37.664437,-122.444254/"
transit,41,48,"https://www.google.com/maps/dir/37.721806,-122.160713/37.905812,-122.067379/"
transit,42,13,"https://www.google.com/maps/dir/37.637720,-122.416384/37.753604,-122.196698/"
transit,42,18,"https://www.google.com/maps/dir/37.637720,-122.416384/37.701692,-121.899242/"
transit,42,42,"https://www.google.com/maps/dir/37.637720,-122.416384/37.637720,-122.416384/"
transit,43,43,"https://www.google.com/maps/dir/37.616023,-122.391895/37.616023,-122.391895/"
transit,44,10,"https://www.google.com/maps/dir/37.634363,-122.057158/37.690776,-122.075615/"
transit,44,18,"https://www.google.com/maps/dir/37.634363,-122.057158/37.701692,-121.899242/"
transit,44,24,"https://www.google.com/maps/dir/37.634363,-122.057158/37.893220,-122.124644/"
transit,44,35,"https://www.google.com/maps/dir/37.634363,-122.057158/37.928463,-122.056015/"
transit,44,49,"https://www.google.com/maps/dir/37.634363,-122.057158/37.699760,-121.928301/"
transit,45,13,"https://www.google.com/maps/dir/37.664437,-122.444254/37.753604,-122.196698/"
transit,45,21,"https://www.google.com/maps/dir/37.664437,-122.444254/37.774873,-122.224067/"
transit,45,23,"https://www.google.com/maps/dir/37.664437,-122.444254/37.669731,-122.086941/"
transit,45,41,"https://www.google.com/maps/dir/37.664437,-122.444254/37.721806,-122.160713/"
transit,45,45,"https://www.google.com/maps/dir/37.664437,-122.444254/37.664437,-122.444254/"
transit,46,10,"https://www.google.com/maps/dir/37.590765,-122.017230/37.690776,-122.075615/"
transit,46,12,"https://www.google.com/maps/dir/37.590765,-122.017230/37.684642,-122.466167/"
transit,46,18,"https://www.google.com/maps/dir/37.590765,-122.017230/37.701692,-121.899242/"
transit,46,27,"https://www.google.com/maps/dir/37.590765,-122.017230/37.600199,-122.386840/"
transit,46,32,"https://www.google.com/maps/dir/37.590765,-122.017230/37.713256,-122.212237/"
transit,46,40,"https://www.google.com/maps/dir/37.590765,-122.017230/37.844795,-122.251271/"
transit,46,46,"https://www.google.com/maps/dir/37.590765,-122.017230/37.590765,-122.017230/"
transit,46,49,"https://www.google.com/maps/dir/37.590765,-122.017230/37.699760,-121.928301/"
transit,47,5,"https://www.google.com/maps/dir/37.502307,-121.939358/37.995415,-121.780353/"
transit,47,10,"https://www.google.com/maps/dir/37.502307,-121.939358/37.690776,-122.075615/"
transit,47,12,"https://www.google.com/maps/dir/37.502307,-121.939358/37.684642,-122.466167/"
transit,47,18,"https://www.google.com/maps/dir/37.502307,-121.939358/37.701692,-121.899242/"
transit,47,31,"https://www.google.com/maps/dir/37.502307,-121.939358/38.003407,-122.024561/"
transit,47,36,"https://www.google.com/maps/dir/37.502307,-121.939358/38.018950,-121.944248/"
transit,47,47,"https://www.google.com/maps/dir/37.502307,-121.939358/37.502307,-121.939358/"
transit,47,48,"https://www.google.com/maps/dir/37.502307,-121.939358/37.905812,-122.067379/"
transit,47,49,"https://www.google.com/maps/dir/37.502307,-121.939358/37.699760,-121.928301/"
transit,48,9,"https://www.google.com/maps/dir/37.905812,-122.067379/37.368495,-121.874661/"
transit,48,13,"https://www.google.com/maps/dir/37.905812,-122.067379/37.753604,-122.196698/"
transit,48,16,"https://www.google.com/maps/dir/37.905812,-122.067379/37.870117,-122.268078/"
transit,48,17,"https://www.google.com/maps/dir/37.905812,-122.067379/37.925205,-122.316868/"
transit,48,20,"https://www.google.com/maps/dir/37.905812,-122.067379/37.557513,-121.976605/"
transit,48,21,"https://www.google.com/maps/dir/37.905812,-122.067379/37.774873,-122.224067/"
transit,48,23,"https://www.google.com/maps/dir/37.905812,-122.067379/37.669731,-122.086941/"
transit,48,27,"https://www.google.com/maps/dir/37.905812,-122.067379/37.600199,-122.386840/"
transit,48,32,"https://www.google.com/maps/dir/37.905812,-122.067379/37.713256,-122.212237/"
transit,48,41,"https://www.google.com/maps/dir/37.905812,-122.067379/37.721806,-122.160713/"
transit,48,46,"https://www.google.com/maps/dir/37.905812,-122.067379/37.590765,-122.017230/"
transit,48,48,"https://www.google.com/maps/dir/37.905812,-122.067379/37.905812,-122.067379/"
transit,49,1,"https://www.google.com/maps/dir/37.699760,-121.928301/37.803471,-122.271589/"
transit,49,3,"https://www.google.com/maps/dir/37.699760,-121.928301/37.808060,-122.268722/"
transit,49,14,"https://www.google.com/maps/dir/37.699760,-121.928301/37.973773,-122.029126/"
transit,49,16,"https://www.google.com/maps/dir/37.699760,-121.928301/37.870117,-122.268078/"
transit,49,20,"https://www.google.com/maps/dir/37.699760,-121.928301/37.557513,-121.976605/"
transit,49,26,"https://www.google.com/maps/dir/37.699760,-121.928301/37.828814,-122.267163/"
transit,49,43,"https://www.google.com/maps/dir/37.699760,-121.928301/37.616023,-122.391895/"
transit,49,47,"https://www.google.com/maps/dir/37.699760,-121.928301/37.502307,-121.939358/"
transit,49,48,"https://www.google.com/maps/dir/37.699760,-121.928301/37.905812,-122.067379/"
transit,49,49,"https://www.google.com/maps/dir/37.699760,-121.928301/37.699760,-121.928301/"
